AvgRequestNo,AvgTimeBetwReq,AvgTimeBetwRespReq,AvgDataRate,AvgPacketNo,AvgPacketSize,AvgConcurrentReq,MaxReq,AvgDuration,Class
0.611,0.517,0,0.011,11.633,113.066,25,367,483.229,slowloris
0.45,2.191,0,0.01,11.299,109.609,26,405,652.944,slowloris
0.373,2.711,0,0.01,11.178,108.367,30,447,793.704,slowloris
0.767,1.308,0,0.018,14.404,154.254,131.296,690,425.727,slowloris
1.152,0.87,0,0.024,17.03,175.473,221.233,691,226.42,slowloris
0.997,1.007,0,0.024,16.816,175.498,278.467,897,343.128,slowloris
0.898,1.114,0,0.023,16.68,173.025,277.278,1077,377.753,slowloris
1.43,0.702,0,0.031,19.665,195.546,396.1,858,203.038,slowloris
1.251,0.827,0,0.032,20.067,198.316,626.606,1501,321.07,slowloris
1.467,0.688,0,0.032,20.822,192.677,374.012,80,257.781,slowloris
1.41,0.71,0,0.034,21.307,200.684,637.736,1269,277.098,slowloris
1.435,0.697,0,0.031,19.978,194.129,369.682,861,260.228,slowloris
1.371,0.733,0,0.033,21.071,197.725,565.321,1234,282.378,slowloris
1.373,0.687,0,0.034,20.926,202.129,623.704,1373,274.41,slowloris
1.389,0.722,0,0.034,21.247,198.602,562.104,1250,280.166,slowloris
1.488,0.673,0,0.033,20.928,194.829,391.965,893,254.92136,slowloris
1.423,0.704,0,0.035,21.299,201.125,626.5,1281,275.499,slowloris
1.587,0.632,0,0.035,21.995,199.584,501.172,952,245.823,slowloris
1.464,0.704,0,0.036,22.164,201.978,613.132,1318,276.975,slowloris
1.552,0.659,0,0.034,21.787,197.167,462.895,931,252.544,slowloris
1.489,0.682,0,0.036,22.491,202.592,657.886,1340,270.657,slowloris
1.638,0.615,0,0.036,22.533,202.216,513.11,983,241.716,slowloris
1.497,0.674,0,0.037,22.447,203.773,647.022,1347,268.7,slowloris
1.668,0.601,0,0.036,21.08,214.828,517.46,1001,239.535,slowloris
1.592,0.629,0,0.039,23.374,208.301,729.74,1433,257.86,slowloris
1.003,0.999,0,0.018,11.153,197.898,136.2,602,331.434,slowloris
1.245,0.82,0,0.024,13.985,214.33,252.19,747,291.671,slowloris
1.365,0.747,0,0.027,15.315,220.961,351.293,819,274.1,slowloris
1.513,0.665,0,0.031,16.795,228.805,461.547,908,253.995,slowloris
1.442,0.707,0,0.029,15.973,225.49,325.743,865,263.507,slowloris
1.57,0.639,0,0.032,17.213,232.559,491.945,942,248.267,slowloris
1.532,0.654,0,0.031,16.795,230.948,425.535,919,250.95,slowloris
1.587,0.631,0,0.032,17.367,223.199,475.825,952,245.425,slowloris
1.635,0.614,0,0.034,18.003,234.834,503.357,981,242.264,slowloris
0.918,1.095,0,0.015,8.542,212.427,117.378,551,352.978,slowloris
1.16,0.892,0,0.021,11.328,229.136,209.19,696,308.333,slowloris
1.273,0.795,0,0.023,12.23,240.001,231.22,764,284.758,slowloris
1.377,0.728,0,0.026,13.613,241.482,315.497,826,269.64,slowloris
1.545,0.669,0,0.03,15.342,248.01,407.202,927,254.99,slowloris
1.45,0.693,0,0.028,14.278,245.272,363.838,870,260.076,slowloris
1.357,0.739,0,0.029,14.984,245.97,536.752,1221,284.536,slowloris
1.453,0.693,0,0.028,14.418,244.091,418.065,872,260.41,slowloris
1.593,0.641,0,0.032,15.925,248.834,465.325,956,248.768,slowloris
1.871,0.52,0.206,0.022,22.703,121.306,597.403,2315,165.349,slowloris
1.565,0.626,0.607,0.023,17.762,165.184,732.553,2970,169.757,slowloris
2.693,0.377,0.41,0.02,15.9025,155.665,308.406,1381,96.939,slowloris
3.172,0.316,0.223,0.018,16.748,132.043,437.083,2187,88.263,slowloris
3.214,0.297,0.068,0.019,17.825,130.849,2.948,236,97.366,slowloris
4.654,0.215,0.188,0.017,16.22,133.175,4.556,206,64.269,slowloris
24.677,0.038,4.681,2.805,268.301,1306.993,20.196,87,2.553,slowloris
25.382,0.038,4.681,2.885,275.974,1306.959,20.773,87,2.454,slowloris
16.152,0.038,4.681,1.836,175.611,1307.021,13.219,87,2.59,slowloris
22.485,0.038,0.806,2.519,242.586,1298.164,18.232,76,4.519,slowloris
22.059,0.042,2.665,2.534,242.44,1306.664,18.507,86,2.325,slowloris
23.22,0.043,2.665,2.668,255.257,1306.391,19.481,86,2.404,slowloris
19.005,0.049,0.199,2.334,224.284,1301.148,16.401,65,6.556,slowloris
17.004,0.038,0.876,2.763,264.681,1305.104,17.933,69,3.32,slowloris
21.1,0.047,0.006,0.116,17.333,835.7884,12.25,31,0.084,slowloris
20.042,0.048,0.798,2.381,229.809,1294.836,17.232,76,3.019,slowloris
20.519,0.048,0.798,2.436,234.876,1296.571,17.642,76,3.262,slowloris
17.954,0.048,0.797,2.131,205.113,1298.509,15.437,76,0.312,slowloris
16.224,0.062,0.006,1.841,177.299,1298.184,13.537,76,2.361,slowloris
11.502,0.087,1.185,1.358,130.159,1304.13,19.213,87,1.453,slowloris
23.028,0.043,3.719,2.674,255.428,1308.431,12.25,31,0.084,slowloris
26.109,0.038,4.685,2.97,284.058,1307.099,21.371,87,2.59,slowloris
5.262,0.184,1.909,1.133,105.815,1338.945,3.722,76,5.626,slowloris
2.236,0.179,0.331,0.627,56.817,1380.434,1.41,66,0.35,slowloris
5.167,0.193,1.656,1.436,132.39,1356.67,3.6955,76,2.812,slowloris
5.482,0.182,1.641,1.516,139.183,1361.917,4.021,76,2.116,slowloris
1.951,0.531,0.427,0.038,18.351,262.029,2.423,217,576.748,slowloris
1.317,0.781,0.567,0.033,16.526,250.107,1.546,215,200.007,slowloris
7.112,0.781,0.567,0.054,36.956,181.707,8.346,215,200.007,slowloris
0.948,0.53,0.426,0.019,10.641,228.63,1.099,215,602.06,slowloris
1.743,0.593,0.794,0.031,15.028,254.83,2.2,277,375.084,slowloris
0.512,1.012,1.261,0.008,6.947,141.952,0.727,277,391.125,slowloris
0.386,1.642,2.869,0.009,6.613,161.332,0.388,181,664.618,slowloris
1.744,0.586,0.408,0.041,22.773,225.271,2.146,244,200.014,slowloris
1.307,0.636,0.497,0.028,16.353,214.755,1.524,241,573.706,slowloris
1.152,0.807,0.892,0.023,12.987,224.98,1.497,157,565.156,slowloris
1.547,0.638,0.606,0.032,17.22,232.356,2.045,241,764.584,slowloris
1.115,0.898,0.508,0.021,10.361,255.688,1.486,269,593.199,slowloris
1.427,0.682,0.383,0.034,15.302,275.689,1.46,49,138.77,slowloris
1.69,0.606,0.441,0.033,15.787,260.456,2.175,204,515.626,slowloris
1.124,0.876,0.682,0.03,23.668,160.376,1.408,109,661.979,slowloris
1.483,0.554,0.647,0.026,13.145,250.125,1.753,273,346.686,slowloris
1.471,0.682,0.435,0.037,17.378,269.403,1.727,263,253.854,slowloris
0.601,0.687,1.027,0.01,5.825,213.382,0.745,201,1300,slowloris
0.77,1.033,1.005,0.008,5.079,205.134,0.806,273,900,slowloris
0.657,0.866,1.577,0.008,4.794,213.574,1.039,250,269.919,slowloris
0.549,1.816,1.012,0.01,6.664,192.902,0.767,269,574.024,slowloris
0.982,0.952,0.571,0.014,8.989,198.846,1.149,202,234.86,slowloris
1.172,0.87,0.541,0.028,13.768,256.048,1.411,291,19.538,slowloris
0.691,1.41,4.114,0.004,2.398,195.779,0.913,240,423.038,slowloris
0.248,4.019,2.244,0.006,7.575,100.027,0.431,278,717.99,slowloris
0.53,1.974,0.918,0.013,13.724,119.658,0.661,243,761.189,slowloris
0.438,2.212,2.639,0.004,2.77,200.821,0.442,277,328.692,slowloris
0.751,0.64,3.106,0.007,3.954,214.43,1.025,222,208.72,slowloris
1.497,0.666,0.657,0.03,14.014,265.041,2.101,219,555.008,slowloris
1.724,0.58,0.372,0.028,15.848,217.726,1.854,198,334.068,slowloris
1.501,0.5,0.483,0.027,13.233,257.39,1.723,201,325.378,slowloris
0.984,0.77,0.731,0.015,9.389,200.813,1.177,279,346.018,slowloris
0.848,1.076,0.816,0.015,9.42,202.315,1.107,278,435.02,slowloris
0.506,1.929,1.988,0.013,10.032,156.54,0.697,199,1443.754,slowloris
0.238,4.208,7.398,0.008,8.133,116.864,0.362,240,184.622,slowloris
0.486,2.029,1.738,0.013,10.219,153.094,0.566,200,1581.606,slowloris
0.734,1.265,2.098,0.013,6.536,250.992,0.858,271,929.435,slowloris
0.379,2.397,3.134,0.005,2.867,196.466,0.544,274,559.648,slowloris
0.932,1.006,2.212,0.012,6.201,238.269,0.892,262,223.655,slowloris
0.945,1.023,2.067,0.01,5.473,239.569,1.023,213,320.393,slowloris
0.746,0.376,0.468,0.007,3.61,252.736,0.908,226,166.795,slowloris
0.222,0.069,0.685,0.001,0.896,134.443,0.326,129,605.171,slowloris
0.419,2.355,2.014,0.002,1.305,220.664,0.528,264,126.971,slowloris
0.333,0.001,0.003,0.001,0.67,189.303,0.333,100,300.254,slowloris
0.462,1.796,8.646,0.001,0.928,189.173,0.802,193,241.803,slowloris
1.252,0.343,0.331,0.014,6.728,260.943,1.508,206,264.932,slowloris
0.318,2.953,2.996,0.002,1.579,173.937,0.481,101,754.527,slowloris
0.475,2.089,3.268,0.008,4.285,246.29,0.618,266,1135.276,slowloris
6.753,0.147,0.114,0.018,7.977,277.084,8.167,222,2.809,slowloris
6.773,0.147,0.128,0.019,8.32,281.581,8.627,132,3.008,slowloris
6.47,0.154,0.146,0.019,8.27,288.459,8.027,102,3.623,slowloris
6.223,0.161,0.157,0.018,8.097,279.794,8.13,108,5.089,slowloris
6.92,0.144,0.128,0.019,8.537,284.283,8.333,102,2.695,slowloris
6.047,0.165,0.17,0.017,7.647,284.643,8.133,110,1.759,slowloris
6.467,0.154,0.163,0.019,8.167,284.458,8.197,131,1.742,slowloris
6.227,0.161,0.152,0.018,7.977,285.821,7.953,114,1.562,slowloris
6.69,0.149,0.123,0.019,8.433,284.479,7.763,110,1.997,slowloris
13.607,0.073,0.062,0.038,14.57,323.755,15.03,204,1.229,slowloris
6.429,0.153,0.173,0.015,6.429,290.363,7.381,36,0.713,slowloris
6.52,0.153,0.125,0.018,8.12,277.292,7.93,249,5.54,slowloris
9.99,0.096,0.121,0.023,11.06,257.718,11.463,202,1.227,slowloris
11.763,0.085,0.084,0.034,13.123,324.405,15.04,146,1.942,slowloris
17.037,0.059,0.071,0.086,18.75,574.198,23.183,311,0.611,slowloris
9.827,0.101,0.087,0.025,11.443,275.215,11.747,113,2.063,slowloris
19.807,0.05,0.061,0.107,21.537,618.839,26.763,200,0.48,slowloris
7.45,0.134,0.138,0.021,9.257,278.001,8.243,85,0.68,slowloris
8.333,0.12,0.131,0.023,10.837,266.961,9.267,107,1.022,slowloris
10.17,0.098,0.094,0.026,12.207,262.129,11.117,195,1.074,slowloris
12.75,0.078,0.066,0.033,14.357,286.807,14.227,243,1.252,slowloris
8.063,0.124,0.097,0.022,9.863,280.024,9.183,144,1.428,slowloris
9.447,0.106,0.106,0.025,11.15,279.975,10.62,108,1.069,slowloris
10.387,0.083,0.07,0.028,12.32,279.973,11.997,132,1.183,slowloris
3.738,0.267,0.27,0.012,5.108,285.594,4.465,238,1.874,slowloris
1.507,0.663,0.669,0.007,3.087,293.598,2.08,89,6.713,slowloris
1.272,0.784,0.64,0.007,2.91,294.844,1.638,63,51.111,slowloris
1.572,0.636,0.635,0.007,3.185,292.365,2.045,83,30.18,slowloris
1.347,0.741,0.655,0.007,2.88,293.847,1.91,75,100.035,slowloris
1.365,0.731,0.688,0.01,4.182,294.786,1.662,84,150.335,slowloris
1.847,0.541,0.346,0.024,10.162,295.038,2.315,97,6.986,slowloris
3.968,0.252,0.196,0.032,12.797,309.364,4.643,159,3.042,slowloris
1.057,0.209,0.137,0.008,3.347,294.061,1.028,91,2.122,slowloris
2.533,0.394,0.257,0.029,12.297,295.488,2.577,73,1.091,slowloris
2.527,0.396,0.2,0.027,11.4,295.237,2.56,90,0.273,slowloris
1.77,0.566,0.404,0.026,11.007,296.053,2.233,87,0.468,slowloris
2.11,0.472,0.262,0.028,11.66,295.774,2.173,77,1.986,slowloris
1.59,0.627,0.312,0.024,10.08,296.701,1.773,80,0.938,slowloris
2.347,0.426,0.261,0.027,11.19,296.186,2.783,96,1.199,slowloris
2.473,0.403,0.264,0.028,11.833,293.103,3.03,93,1.407,slowloris
1.267,0.791,0.502,0.024,10.277,297.218,1.383,12,0.04,slowloris
1.473,0.678,0.319,0.025,10.54,297.161,1.14,67,300,slowloris
1.61,0.621,0.322,0.025,10.687,294.958,1.727,84,300,slowloris
1.8,0.556,0.324,0.025,10.597,297.209,1.967,71,0.691,slowloris
1.8,0.556,0.324,0.025,10.597,297.209,1.967,71,0.691,slowloris
1.473,0.68,0.339,0.023,9.857,294.863,1.363,77,300,slowloris
2.293,0.436,0.369,0.016,6.68,297.416,3.143,92,0.634,slowloris
1.493,0.668,0.596,0.007,3.03,296.096,1.943,103,0.831,slowloris
1.547,0.645,0.646,0.007,3.147,296.832,2.097,90,1.654,slowloris
1.46,0.683,0.618,0.007,3.017,297.067,2.067,79,0.418,slowloris
1.49,0.672,0.591,0.007,3.047,291.103,1.86,67,300,slowloris
1.44,0.693,0.612,0.007,2.973,296.601,1.793,73,0.028,slowloris
1.18,0.849,0.65,0.006,2.683,296.708,1.447,6,300,slowloris
2.223,0.117,0.084,0.006,2.607,273.767,2.16,84,1.416,slowloris
11.79,0.081,0.059,0.041,18.453,274.823,13.49,185,2.097,slowloris
18.7,0.053,0.056,0.092,26.653,430.983,24.89,278,0.604,slowloris
9.263,0.108,0.086,0.041,18.147,280.289,11.297,154,2.413,slowloris
9.467,0.106,0.096,0.041,18.127,281.616,9.997,107,1.28,slowloris
11.64,0.086,0.088,0.066,20.583,401.479,15.577,255,0.732,slowloris
9.413,0.106,0.082,0.042,18.393,284.999,10.93,139,1.906,slowloris
6.26,0.16,0.114,0.04,17.323,285.724,6.53,104,2.355,slowloris
7.29,0.137,0.11,0.038,16.29,289.78,8.627,104,1.838,slowloris
5.907,0.169,0.141,0.039,16.597,290.844,6.083,91,1.105,slowloris
6.37,0.157,0.13,0.039,17.36,282.167,6.46,96,0.855,slowloris
3.22,0.309,0.296,0.012,5.14,280.549,3.643,88,0.918,slowloris
2.747,0.364,0.367,0.014,6.13,287.87,3.403,90,1.668,slowloris
3.247,0.307,0.225,0.018,7.68,292.743,3.78,98,1.707,slowloris
3.27,0.305,0.212,0.023,9.527,295.394,3.527,92,2.719,slowloris
2.537,0.394,0.31,0.024,10.21,294.291,2.893,173,1.666,slowloris
1.443,0.694,0.34,0.022,9.343,297.869,1.333,62,1.116,slowloris
1.507,0.661,0.488,0.021,9.04,296.717,1.873,78,0.724,slowloris
1.217,0.817,0.501,0.02,8.25,298.17,1.16,70,0.037,slowloris
1.38,0.723,0.46,0.022,9.19,297.605,1.56,79,0.5,slowloris
1.633,0.612,0.335,0.024,10.25,296.818,1.653,75,300,slowloris
1.05,0.942,0.449,0.019,8.037,297.828,0.943,26,300,slowloris
1.343,0.745,0.597,0.02,8.387,297.266,1.64,75,300,slowloris
1.21,0.826,0.531,0.019,8.103,298.066,1.387,68,0.038,slowloris
1.047,0.929,0.448,0.017,6.957,297.665,0.98,74,300,slowloris
1.097,0.911,0.409,0.014,6.08,296.883,1.143,69,300,slowloris
0.46,2.149,1.548,0.008,3.193,298.236,0.507,6,150,slowloris
2.46,0.407,0.406,0.003,2.46,139,2.46,3,0.013,normal
2.532,0.407,0.406,0.003,2.532,139,2.532,3,0.013,normal
2.462,0.407,0.406,0.003,2.462,139,2.462,3,0.013,normal
2.523,0.407,0.406,0.003,2.523,139,2.523,3,0.013,normal
4.91,0.204,0.203,0.005,4.91,139,4.91,5,0.014,normal
4.923,0.204,0.203,0.005,4.927,139,4.927,5,0.014,normal
4.907,0.204,0.203,0.005,4.907,139,4.907,5,0.014,normal
8.382,0.12,0.119,0.009,8.382,139,8.382,9,0.026,normal
8.4,0.12,0.119,0.009,8.4,139,8.4,9,0.026,normal
4.927,0.203,0.382,0.005,4.927,139,4.927,6,0.014,normal
4.927,0.203,0.382,0.005,4.927,139,4.927,6,0.014,normal
4.92,0.203,0.39,0.005,4.92,139,4.92,6,0.014,normal
10.147,1.102,1.102,0.11,10.147,139,10.147,10,0.014,normal
9.52,0.102,0.102,0.011,9.52,139,9.52,10,0.013,normal
16.687,0.06,0.116,0.019,16.687,139,16.687,18,0.026,normal
1.51779,13.64,3.65,0.65,73,0.06,8.93,0,0,normal
7.39,0.136,0.375,0.008,7.39,139,7.39,9,0.015,normal
7.44,0.135,0.289,0.008,7.44,139,7.44,9,0.014,normal
7.39,0.135,0.343,0.008,7.39,139,7.39,9,0.014,normal
14.753,0.68,0.07,0.016,14.753,139,14.753,15,0.013,normal
14.729,0.68,0.07,0.016,14.729,139,14.729,15,0.013,normal
25.53,0.04,0.078,0.028,25.53,139,25.53,27,0.024,normal
24.974,0.04,0.095,0.028,24.974,139,24.974,27,0.025,normal
27.393,0.037,0.069,0.031,27.459,139,26.722,39,4.757,normal
9.849,0.102,0.356,0.011,9.849,139,9.849,12,0.015,normal
20.064,0.51,0.058,0.022,20.064,139,20.064,20,0.013,normal
33.628,0.03,0.075,0.037,33.628,139,33.628,36,0.024,normal
33.3,0.03,0.094,0.037,33.3,139,33.3,36,0.025,normal
33.511,0.03,0.094,0.037,33.517,139,33.514,40,0.025,normal
0.397,2.516,2.934,3.781,317.432,1488.803,0.483,8,107.143,normal
0.65,1.56,4.191,1.289,109.141,1476.826,0.832,45,45.212,normal
1.229,0.812,3.036,0.824,69.678,1477.936,1.852,54,70.098,normal
2.699,0.371,0.998,0.956,83.156,1436.866,3.801,86,77.766,normal
1.588,0.63,1.712,3.677,309.691,1484.182,2.365,51,73.884,normal
3.929,0.254,0.941,0.714,63.392,1407.946,5.831,98,101.748,normal
2.089,0.473,1.039,2.041,172.617,1477.681,2.751,63,93.866,normal
1.424,0.693,1.487,1.119,95.739,1460.919,1.919,117,125.66,normal
3.227,0.309,0.89,1.702,146.933,1447.239,4.555,120,59.99,normal
2.747,0.365,1.006,3.415,291.293,1465.524,3.787,79,46.639,normal
3.006,0.334,0.82,3.082,260.173,1480.566,4.091,111,110.275,normal
18.14,0.09,0.1,2.22,218.03,1274.04,11.77,145,0.559,normal
4,0.232,0.144,0.711,72.202,1231.362,1.289,62,1.673,normal
9.081,0.112,0.116,1.054,108.565,1213.348,7.015,102,0.621,normal
11.743,0.086,0.066,1.566,163.002,1201.023,7.59,115,0.744,normal
2.2,0.178,0.102,0.292,32.676,1115.737,1.215,47,0.75,normal
21.677,0.049,0.038,2.224,226.447,1227.696,15.212,99,0.47,normal
24.119,0.043,0.039,2.255,327.366,1239.531,17.237,137,29.958,normal
13.8,0.075,0.06,1.458,147.534,1235.659,8.364,130,0.736,normal
10.035,0.103,0.059,2.883,265.797,1355.615,2.451,71,0.958,normal
10.642,0.095,0.06,2.279,219.042,1300.614,4.518,82,0.815,normal
10.719,0.095,0.055,3.419,308.891,1383.752,2.81,108,0.746,normal
5.823,0.189,0.078,4.207,376.743,1395.931,3.498,66,1.1936,normal
6.691,0.152,0.069,3.458,311.511,1387.577,4.061,83,0.815,normal
7.321,0.138,0.067,1.533,143.556,1330.755,4.569,64,1.722,normal
11.045,0.091,0.062,1.877,177.814,1274.04,7.663,82,0.76,normal
9.223,0.111,0.065,2.604,237.068,1373.177,5.872,81,0.78,normal
9.595,0.107,0.068,2.072,194.503,1331.696,5.544,74,1.026,normal
10.485,0.097,0.058,2.931,265.365,1380.411,7.003,67,0.916,normal
6.236,0.163,0.045,3.137,293.28,1336.976,1.418,43,0.666,normal
11.209,0.09,0.075,1.527,150.278,1270.505,8.273,86,0.659,normal
7.444,0.134,0.107,1.298,124.102,1306.96,5.425,67,0.973,normal
12.857,0.079,0.064,2.286,219.215,1303.245,9.37,114,0.507,normal
5.452,0.194,0.1,1.867,175.03,1333.347,3.87,63,0.894,normal
3.852,0.27,0.134,0.832,82.91,1253.687,3.076,28,3.923,normal
5.442,0.188,0.104,1.001,100.536,1244.347,4.408,42,4.533,normal
4.769,0.213,0.118,1.106,108.025,1280.177,3.61,62,1.908,normal
3.001,0.344,0.193,1.33,122.887,1352.936,2.264,52,2.184,normal
1.929,0.344,0.193,0.855,78.999,1352.936,4.446,87,1.663,normal
14.477,0.074,0.024,2.664,270.682,1230.352,9.985,69,1.435,normal
7.602,0.135,0.0729,1.482,144.447,1282.578,5.406,56,1.764,normal
7.288,0.139,0.081,1.177,119.354,1232.812,5.716,58,1.634,normal
9.006,0.112,0.062,1.831,173.561,1318.357,6.291,69,1.131,normal
7.288,0.139,0.069,2.285,212.292,1345.302,4.848,83,2.153,normal
7.905,0.127,0.077,2.082,197.785,1315.715,5.371,67,1.287,normal
12.708,0.078,0.043,2.195,207.886,1319.55,8.51,93,1.994,normal
10.399,0.098,0.048,1.202,117.888,1274.754,7.911,58,3.754,normal
13.525,0.075,0.044,3.184,290.296,1371.106,8.956,73,2.221,normal
5.043,0.202,0.097,0.712,70.178,1268.477,3.51,82,4.73,normal
8.908,0.114,0.062,1.805,170.383,1324.567,5.394,78,1.557,normal
7.08,0.156,0.089,1.485,140.488,1321.176,5.367,54,1.568,normal
6.612,0.152,0.086,1.725,162.431,1327.63,4.6,74,1.4,normal
1.62,1.109,0.918,0.149,17.925,1035.823,1.613,7,0.04,normal
1.3,0.787,0.706,0.153,15.727,1217.645,0.953,14,0.036,normal
6.264,0.412,0.311,0.76,77.412,1227.916,3.329,41,0.022,normal
1.62,1.109,0.918,0.149,17.925,1035.823,1.613,7,0.04,normal
1.136,0.882,0.758,0.038,6.293,745.685,1.073,12,0.047,normal
2.336,0.887,0.703,0.153,20.679,925.817,2.028,10,0.054,normal
2.404,0.426,0.343,0.152,19.896,952.86,2.128,35,0.017,normal
1.332,0.779,0.539,0.149,19.32,966.176,1.088,22,0.013,normal
0.939,1.191,1.018,0.031,7.786,494.236,1.109,16,9.656,normal
1,0.936,1.253,0.004,1,469.167,1.5,4,0.003,normal
2.58,14.923,5.714,0.336,31.463,1334.135,2.406,35,0.285,normal
2.664,4.143,2.659,0.751,68.346,1372.722,2.155,45,0.156,normal
6.36,6.752,17.619,1.362,126.15,1349.569,5.129,70,0.146,normal
0.27,149.538,44.5434,0.093,8.422,1385.379,0.227,35,0.34,normal
0.043,967.575,223.035,0.013,1.156,1364.239,0.044,4,0.606,normal
0.038,1083.206,237.484,0.004,0.436,1267.099,0.036,4,0.499,normal
0.01,1030.917,215.638,0.001,0.13,1288.478,0.01,4,0.395,normal
6.264,0.412,0.311,0.76,77.412,1227.916,3.329,41,0.022,normal
0.399,3.506,5.082,0.018,1.94,1168.494,0.344,43,0.061,normal
5.033,2.132,1.896,0.314,32.546,1206.387,4.731,53,0.208,normal
0.231,183.725,42.685,0.028,2.739,1282.604,0.199,23,0.368,normal
0.041,1031.494,211.495,0.013,1.195,1373.807,0.034,6,0.283,normal
0.445,95.962,24.263,0.225,20.17,1393.511,0.317,22,0.121,normal
0.05,7.747,6.521,0.005,0.575,1148.609,0.042,2,0.292,normal
1.533,27.184,8.785,1.701,150.463,1413.152,1.124,43,0.235,normal
0.018,554.015,124.088,0.046,4.004,1420.727,0.01,13,0.373,normal
5,0.034,0.028,0.237,25,1186.48,5,5,0.006,normal
0.447,64.387,24.897,1.124,98.934,1419.84,0.359,27,0.208,normal
2.349,5.03,15.22,0.728,66.805,1362.783,1.905,50,0.254,normal
6.1,0.203,0.225,1.521,138.25,1375.009,3.05,17,0.061,normal
1.3,0.787,0.706,0.153,15.727,1217.645,0.953,14,0.036,normal
3.923,10.852,42.189,1.245,112.59,1382.606,3.146,62,0.138,normal
1.839,22.998,30.905,1.111,100.491,1382.357,1.384,57,0.237,normal
0.008,569.977,200.004,0.001,0.108,1289.813,0.009,5,3.427,normal
1.165,35.832,15.655,1.801,158.968,1415.785,0.984,32,0.302,normal
1.62,1.109,0.918,0.149,17.925,1035.823,1.613,7,0.04,normal
5.033,2.132,1.896,0.314,32.546,1206.387,4.731,53,0.208,normal
0.231,183.725,42.685,0.028,2.739,1282.604,0.199,23,0.368,normal
0.041,1031.494,211.495,0.013,1.195,1373.807,0.034,6,0.283,normal
0.445,95.962,24.263,0.225,20.17,1393.511,0.317,22,0.121,normal
0.05,7.747,6.521,0.005,0.575,1148.609,0.042,2,0.292,normal
1.533,27.184,8.785,1.701,150.463,1413.152,1.124,43,0.235,normal
0.018,554.015,124.088,0.046,4.004,1420.727,0.01,13,0.373,normal
5,0.034,0.028,0.237,25,1186.48,5,5,0.006,normal
0.447,64.387,24.897,1.124,98.934,1419.84,0.359,27,0.208,normal
2.349,5.03,15.22,0.728,66.805,1362.783,1.905,50,0.254,normal
6.1,0.203,0.225,1.521,138.25,1375.009,3.05,17,0.061,normal
0.088,13.017,12.446,0.015,1.4,1356.929,0.05,2,0.215,normal
3.923,10.852,42.189,1.245,112.59,1382.606,3.146,62,0.138,normal
1.839,22.998,30.905,1.111,100.491,1382.357,1.384,57,0.237,normal
0.008,569.977,200.004,0.001,0.108,1289.813,0.009,5,3.427,normal
1.165,35.832,15.655,1.801,158.968,1415.785,0.984,32,0.302,normal
1.62,1.109,0.918,0.149,17.925,1035.823,1.613,7,0.04,normal
2.692,0.708,0.598,0.356,31.923,1393.062,2.154,10,0.118,normal
0.027,3.205,0.298,1.568,144.308,1358.199,0.031,5,0.551,normal
2,0.694,0.472,0.022,2,1405,1.5,2,0.107,normal
0.38,4.051,4.02,0.059,6.38,1164.097,0.44,5,0.07,normal
1.9,1.755,4.269,0.108,10.3,1316.471,1.7,17,0.048,normal
6.05,0.194,0.129,0.191,19.45,1230.99,6.15,27,0.49,normal
1.775,0.671,0.34,0.106,10.55,1261.54,1.65,15,0.172,normal
6.067,0.208,0.27,0.463,43.867,1320.084,5.733,31,0.161,normal
0.03,42.854,3.373,0.001,0.03,252,0.015,1,37.016,normal
0.07,13.976,0.139,0.001,0.07,252,0.047,2,32.443,normal
6.3,0.221,0.317,0.453,44.2,1281.328,6.7,39,0.078,normal
32,0.011,0.012,0.552,77,896.74,32,32,0.026,normal
2.861,0.346,0.654,0.32,29.583,1351.818,2.694,40,0.04,normal
4.467,0.246,0.356,0.177,19.166,1157.31,3.9,53,0.189,normal
0.758,1.328,0.413,0.062,6.168,1246.788,0.673,32,2.227,normal
1.5,0.734,0.494,0.153,14.333,1335.16,1.708,13,0.174,normal
1.543,0.676,0.86,0.071,6.886,1291.83,1.4,9,0.076,normal
10.077,0.106,0.181,0.881,83,1326.52,8,101,0.049,normal
17.167,0.055,0.024,7.717,664.833,1450.979,8.833,38,0.1,normal
0.244,3.594,0.256,3.598,297.258,1512.821,0.216,52,0.0462,normal
2.467,0.405,0.652,0.559,49.283,1418.652,1.767,32,0.039,normal
1,0.057,0.071,2.284,212,1346.712,11,11,0.034,normal
7.588,0.105,0.055,3.587,302.412,1482.705,3.588,26,0.082,normal
0.875,0.95,1.777,0.692,57.625,1500.952,0.875,6,0.103,normal
24,0.018,0.049,4.581,414,1383.176,24,24,0.009,normal
4.683,0.278,0.536,0.418,40.083,1302.671,3.783,21,0.051,normal
5.65,0.172,0.205,0.668,59.85,1395.805,4.588,46,0.052,normal
0.031,36.924,5.875,0.044,3.741,1475.798,0.0545,6,31.847,normal
27,0.018,0.017,0.947,109,1085.56,27,27,0.033,normal
0.176,0.818,0.731,4.753,392.559,1513.492,0.176,4,0.08,normal
0.07,18.549,2.658,0.001,0.11,407.455,0.06,2,16.026,normal
6,0.144,0.135,0.047,9,648,6,6,0.104,normal
0.647,1.698,2.168,0.029,2.824,1298.708,0.765,4,0.17,normal
1.1,1.698,2.168,0.05,4.8,1298.708,1.3,4,0.17,normal
0.5,2.073,1.302,0.038,4,1200.5,1,3,0.851,normal
0.019,19758.023,20445.846,1.363,112.56,1513.184,0.021,3,0.449,normal
5.117,0.203,0.333,0.006,5.117,139.084,4.915,11,0.001,normal
0.205,4.652,3.605,0.257,22.19,1449.841,0.205,8,0.198,normal
1.242,0.805,1.664,0.148,13.453,1371.179,1.059,26,0.157,normal
12.769,0.06,0.04,3.396,294,1443.695,7.23,25,0.103,normal
6.533,0.08,0.075,1.544,135,1430.012,4.733,26,0.121,normal
0.453,2.263,2.187,0.153,7.264,2641.068,0.415,9,0.116,normal
1.343,0.747,0.644,0.393,35.743,1374.144,1.6,17,0.503,normal
8.063,0.126,0.247,0.411,49.463,1037.488,12,45,0.292,normal
0.814,1.274,0.928,0.248,23.414,1322.303,0.886,11,0.585,normal
3.18,0.302,0.213,3.526,296.361,1487.14,1.889,21,0.142,normal
2.159,0.392,0.337,0.32,29.377,1361.878,1.768,29,0.325,normal
2.258,0.392,0.337,0.335,30.712,1361.878,1.848,29,0.325,normal
24.083,0.042,0.034,4.273,376.917,1417.012,16.75,49,0.187,normal
4.5,0.047,0.04,2.989,88.5,4221.119,4.5,9,0.227,normal
1.163,0.704,0.495,0.504,34.021,1850.143,1.011,27,0.16,normal
1.267,0.926,0.409,0.449,41.233,1360.956,1.267,14,0.639,normal
20.467,0.051,0.039,3.805,336.333,1414.28,13.667,33,0.137,normal
0.013,96.404,16.044,0.001,0.031,873.333,0.016,2,0.167,normal
0.018,22.675,36.23,0.001,0.159,1002.311,0.012,9,0.985,normal
0.06,16.742,1.903,0.0119,1.173,1265.396,0.037,8,0.211,normal
0.048,17.767,11.395,0.006,0.603,1256.028,0.029,3,0.001,normal
0.14,5.835,3.236,0.001,0.253,417.798,0.063,5,0.002,normal
0.488,2.062,2.734,0.337,28.463,1480.266,0.5,51,0.019,normal
0.191,5.252,6.647,0.067,5.724,1461.537,0.178,40,0.03,normal
0.113,8.84,10.066,0.031,2.71,1447.643,0.11,39,0.021,normal
0.116,8.273,9.02,0.039,3.323,1460.402,0.105,40,0.263,normal
0.749,0.841,2.068,0.208,17.962,1450.129,0.813,85,3.619,normal
0.146,6.887,14.207,0.019,1.795,1304.864,0.155,56,1.709,normal
0.23,4.362,7.224,0.046,4.39,1309.057,0.219,34,0.25,normal
0.197,5.096,10.033,0.007,0.819,1029.549,0.214,30,0.342,normal
0.003,336.7,84.746,0.008,1.121,939.827,0.003,4,0.072,normal
0.114,8.79,15.011,0.032,2.786,1439.784,0.126,28,0.251,normal
2.146,0.466,0.196,0.011,2.731,495,1.75,112,0.006,normal
0.535,1.872,2.375,0.504,42.489,1482.175,0.544,80,0.02,normal
0.408,2.463,2.24,0.369,31.372,1468.429,0.336,42,0.202,normal
0.02,12.684,67.327,0.003,0.248,1339.408,0.02,22,0.24,normal
0.424,2.342,1.941,0.007,0.923,885.155,0.399,10,0.191,normal
0.073,13.691,16.505,0.082,6.99,1460.588,0.061,30,0.243,normal
0.023,44.223,44.125,0.001,0.108,1091.336,0.016,6,0.112,normal
0.217,4.667,8.724,0.052,4.52,1440.224,0.204,36,0.141,normal
0.279,3.58,5.916,0.101,8.614,1462.666,0.269,32,0.185,normal
0.235,4.258,8.278,0.064,5.495,1446.771,0.222,58,0.162,normal
0.33,3.04,5.393,0.052,4.603,1403.389,0.335,82,1.145,normal
0.452,2.215,1.994,0.073,6.452,1422.604,0.511,82,7.635,normal
2.116,0.473,0.152,0.112,12.71,1105.854,0.314,65,0.276,normal
0.205,4.896,2.858,0.033,2.923,1406.195,0.226,19,2.433,normal
1.977,0.506,0.283,0.024,7.488,402.587,0.37,50,0.468,normal
0.003,109.817,18.779,0.001,0.107,262.746,0.003,7,0.09,normal
0.119,6.988,22.63,0.001,0.299,448.58,0.138,13,0.03,normal
0.039,22.58,27.114,0.018,1.504,1456.44,0.042,16,0.276,normal
0.062,15.766,17.146,0.015,1.357,1401.856,0.057,15,0.234,normal
0.009,75.935,96.881,0.001,0.058,1113.893,0.01,14,0.566,normal
0.085,4.975,7.206,0.023,1.954,1457.657,0.086,46,0.108,normal
0.336,2.454,2.115,0.005,0.762,889.627,0.3161,12,0.196,normal
0.011,29.857,40.973,0.001,0.017,416.268,0.012,8,0.382,normal
0.047,21.195,18.695,0.007,0.58,1422.004,0.054,13,10.026,normal
0.36,2.78,0.921,0.107,9.108,1462.535,0.439,50,5.317,normal
0.243,3.693,3.064,0.004,0.751,597.091,0.051,8,0.01,normal
0.268,3.738,4.316,0.311,26.212,1481.22,0.17,24,0.019,normal
0.27,3.702,2.944,0.09,7.739,1451.488,0.265,31,1.915,normal
9.238,0.108,0.111,0.186,30.207,771.591,1.079,129,0.021,normal
10.6,0.079,0.065,0.348,37.6,1157.566,9.33,76,0.061,normal
6.203,0.16,0.116,0.369,29.886,1541.841,5.987,83,0.066,normal
1.804,0.411,0.486,1,85.13,1467.902,1.283,28,0.125,normal
0.77,1.303,1.508,2.195,182.274,1505.589,0.513,27,0.107,normal
2.022,0.502,0.561,5.507,457.4,1505.073,1.422,23,0.1,normal
5.233,0.188,0.31,1.5,134.167,1397.609,4.4,57,0.017,normal
0.23,4.333,1.535,0.01,1.194,1043.181,0.245,17,0.606,normal
5.238,0.19,0.181,0.483,45.09,1338.398,4.754,116,0.087,normal
2.564,0.388,0.292,0.037,5.746,804.511,2.76,59,0.415,normal
20.597,0.049,0.01,0.273,48.227,707.5,23.317,243,0.163,normal
25.947,0.038,0.009,0.338,60.896,694.49,27.516,337,0.032,normal
16.415,0.061,0.047,0.138,29.197,591.558,16.864,407,0.221,normal
42.25,0.024,0.022,0.595,114.676,648.369,43.074,345,0.092,normal
50.756,0.02,0.017,0.514,127.704,503.597,58.941,612,0.032,normal
12.653,0.079,0.056,0.323,45.797,880.646,12.565,411,0.351,normal
11.876,0.084,0.266,0.187,25.742,907.06,21.316,472,0.273,normal
23.152,0.043,0.017,0.669,80.632,1037.249,19.235,445,0.219,normal
27.511,0.036,0.043,0.273,57.528,592.395,40.83,433,0.074,normal
3.608,0.276,0.098,0.049,7.981,763.21,3.769,338,0.279,normal
26.354,0.038,0.03,0.275,54.211,634.284,30.318,243,0.069,normal
23.048,0.043,0.046,0.282,54.811,643.873,30.858,616,0.146,normal
16.842,0.059,0.213,0.196,35.215,695.85,16.341,2846,0.289,normal
19.632,0.051,0.002,0.279,41.211,845.07,19.007,575,0.005,normal
1.911,0.523,0.369,0.085,10.378,1019.084,1.514,85,0.0869,normal
13.474,0.074,0.061,0.078,19.623,494.84,12.868,325,0.009,normal
10.711,0.093,0.019,1.938,206.163,1174.783,3.961,83,0.037,normal
11.3,0.088,0.017,2.624,278.874,1176.114,4.241,125,0.027,normal
10.202,0.098,0.069,0.613,70.569,1086.41,7.51,365,0.023,normal
9.527,0.105,0.06,0.527,69.187,952.924,6.78,189,0.01,normal
25.379,0.039,0.062,0.187,38.049,614.154,24.761,2500,0.0194,normal
0.039,25.563,1.909,0.068,5.721,1494.252,0.045,61,0.411,normal
0.325,3.057,2.579,0.01,1.337,971.013,0.323,185,0.255,normal
4.741,0.211,0.269,0.096,13.028,922.136,5.381,548,0.076,normal
3.138,0.292,0.243,0.01,11.944,1044.617,3.535,948,0.229,normal
10.718,0.093,0.019,1.939,206.291,1174.783,3.964,83,0.037,normal
0.074,25.946,12.869,0.023,2.368,1213.994,0.081,4,0.356,normal
0.071,11.016,7.597,0.001,0.086,440.809,0.061,6,0.001,normal
0.028,34.517,19.972,0.001,0.032,365.289,0.026,2,0.005,normal
0.027,14.977,7.428,0.001,0.034,502.204,0.025,3,0.001,normal
0.025,41.15,50.976,0.014,1.193,1481.936,0.025,15,0.114,normal
0.05,20.164,29.013,0.018,1.524,1463.65,0.04,16,0.052,normal
0.033,30.679,36.861,0.01,0.847,1454.405,0.033,12,0.169,normal
0.047,21.687,26.093,0.024,2.015,1477.466,0.037,14,0.106,normal
0.046,22.043,20.148,0.006,0.519,1413.113,0.051,17,9.859,normal
0.13,7.703,1.985,0.032,2.706,1457.554,0.161,24,7.901,normal
0.149,6.74,2.554,0.021,1.845,1421.447,0.175,17,4.065,normal
0.055,18.252,21.606,0.002,0.223,1210.15,0.062,14,1.49,normal
0.04,22.56,27.114,0.018,1.543,1456.44,0.043,16,0.276,normal
0.009,75.935,96.881,0.001,0.058,1113.893,0.01,14,0.566,normal
0.014,66.912,101.339,0.001,0.04,922.098,0.016,12,0.291,normal
0.009,1.438,1.855,0.001,0.013,480.905,0.011,9,0.231,normal
0.053,15.609,24.428,0.005,0.493,1373.42,0.051,13,0.154,normal
0.011,53.683,77.1,0.001,0.119,1299.996,0.01,7,0.051,normal
0.016,62.835,75.304,0.001,0.111,1293.473,0.017,16,0.962,normal
0.047,21.195,18.695,0.007,0.58,1422.004,0.054,13,10.026,normal
0.027,37.258,26.901,0.001,0.028,592.71,0.031,12,20.719,normal
0.025,40.702,17.636,0.001,0.126,1246.342,0.025,14,0.54,normal
0.019,54.307,57.161,0.002,0.146,1313.59,0.021,16,1.521,normal
0.027,54.307,57.161,0.002,0.21,1313.59,0.03,16,1.52,normal
4.86,0.205,0.17,0.146,19.118,954.646,5.424,92,0.04,normal
23.315,0.043,0.002,0.951,127.411,932.725,0.278,138,0.011,normal
22.515,0.044,0.047,0.127,30.271,524.362,16.699,2552,0.02,normal
0.007,158.593,165.984,0.001,0.007,218.182,0.006,2,0.002,normal
0.06,16.742,1.903,0.012,1.182,1265.396,0.037,8,0.211,normal
0.048,17.767,11.395,0.006,0.603,1256.028,0.029,3,0.001,normal
0.061,9.067,4.367,0.007,0.76,1199.19,0.04,4,0.001,normal
79.906,0.013,0.002,7.175,973.67,921.164,25.072,285,0.014,normal
46.3,0.022,0.004,5.714,768.767,929.107,0.133,36,0.007,normal
97.206,0.01,0.007,0.571,157.274,453.628,121.432,586,0.079,normal
3.657,0.273,0.048,0.04,8.207,605.918,4.733,498,0.165,normal
12.25,0.06,0.006,0.116,17.333,835.7884,12.25,31,0.084,normal
0.008,115.425,27.216,0.001,0.058,1058.789,0.008,3,57.558,normal
12.25,0.06,0.006,0.116,17.333,835.7884,12.25,31,0.084,normal
0.167,6.269,6.179,0.001,0.167,357,0.19,3,0.077,normal
67.383,0.015,0.476,2.674,325.973,1025.524,96.437,223,0.409,normal
7.625,0.134,0.107,0.077,12.167,788.603,11.333,65,0.097,normal
3,0.359,0.178,0.102,11.5,1112.783,3.25,9,0.065,normal
12.25,0.06,0.006,0.116,17.333,835.7884,12.25,31,0.084,normal
0.444,2.369,4.932,0.002,0.889,299.25,0.422,2,0.061,normal
0.08,18.017,16.392,0.031,2.72,1429.838,0.12,2,2.094,normal
0.106,0.413,0.973,0.052,4.815,1359.398,0.113,8,0.188,normal
1.805,0.534,0.667,0.141,13.623,1297.87,1.199,37,0.057,normal
4,0.119,0.134,0.203,20,1266.025,4,5,0.109,normal
2.4,0.212,0.131,0.226,22,1283.955,2.4,6,0.226,normal
0.23,4.333,1.535,0.01,1.194,1043.181,0.245,17,0.606,normal
5.5,0.186,0.196,0.204,23.5,1082.447,5.5,8,0.091,normal
0.027,3.205,0.298,1.55,142.662,1358.199,0.03,5,0.551,normal
0.034,29.741,53.749,0.012,1.032,1470.905,0.035,17,2.2,normal
0.15,7.829,7.675,0.115,10.5,1373.06,0.15,5,0.111,normal
0.294,3.403,4.604,0.086,7.48,1444.606,0.282,80,0.032,normal
0.402,2.492,1.227,0.073,6.376,1430.501,0.438,39,1.705,normal
0.059,17.113,33.689,0.017,1.589,1336.911,0.063,33,0.213,normal
0.116,6.785,14.865,0.024,2.109,1420.884,0.107,82,0.119,normal
0.027,36.783,60.8,0.027,2.298,1488.444,0.027,28,0.268,normal
2.094,0.477,0.425,0.013,2.846,560.9,1.722,112,0.007,normal
0.082,12.294,13.08,0.068,5.694,1482.11,0.077,24,0.108,normal
0.133,7.548,17.861,0.061,5.184,1474.873,0.128,78,0.195,normal
0.099,10.638,9.896,0.257,21.702,1481.213,0.079,26,0.039,normal
0.077,13.012,31.398,0.063,5.307,1488.804,0.071,72,0.173,normal
0.034,29.741,53.749,0.012,1.032,1470.905,0.035,17,2.2,normal
0.141,6.893,6.032,0.036,3.138,1436.012,0.147,41,0.263,normal
0.119,6.893,6.032,0.031,2.664,1436.012,0.125,41,0.263,normal
0.093,10.638,9.896,0.241,20.297,1481.213,0.074,26,0.039,normal
1.992,0.502,110.27,0.207,19.947,1297.764,1.745,49,0.177,normal
2.331,0.429,673.325,0.317,29.938,1323.436,1.886,41,0.191,normal
2.14,0.467,692.671,0.864,77.505,1393.584,1.503,28,0.261,normal
2.409,0.414,637.326,2.454,214.951,1427.024,0.57,15,0.3,normal
2.615,0.382,0.101,2.478,217.063,1427.144,0.73,15,0.331,normal
2.811,0.355,393.15,1.963,171.128,1433.848,1.063,40,0.26,normal
1.771,0.565,651.12,0.237,22.418,1323.357,1.462,37,0.157,normal
2.982,0.335,256.305,0.746,68.826,1355.686,1.808,46,0.244,normal
11.037,0.09,57.264,2.602,240.449,1352.58,5.058,44,0.485,normal
19.116,0.052,70.49,2.542,241.833,1313.758,9.091,78,0.619,normal
20.084,0.05,46.87,2.444,236.894,1289.728,10.549,53,0.797,normal
9.293,0.107,71.937,2.593,240.11,1349.836,2.254,27,0.681,normal
11.2,0.089,0.019,2.61,242.289,1346.533,3.859,63,0.622,normal
8.618,0.116,98.02,2.624,239.142,1371.33,3.832,42,0.715,normal
7.952,0.126,211.012,2.615,239.939,1362.192,3.735,26,0.57,normal
13.504,0.074,419.386,2.599,244.015,1331.142,8.286,60,0.615,normal
5.154,0.193,27.348,2.627,237.163,1384.53,2.337,52,0.724,normal
15.883,0.063,127.203,2.584,239.801,1346.75,10.536,55,0.678,normal
14.139,0.071,133.541,2.598,240.21,1351.979,8.375,79,0.586,normal
12.276,0.081,126.515,2.596,238.484,1360.488,7.328,45,0.522,normal
24.225,0.041,98.337,2.449,237.843,1287.251,14.567,77,0.886,normal
23.316,0.043,168.894,2.407,233.897,1286.741,11.221,88,1.055,normal
26.245,0.038,119.388,2.244,224.757,1248.068,17.427,62,1.169,normal
24.777,0.04,100.1,2.255,223.846,1259.324,11.777,58,1.229,normal
27.013,0.037,56.893,2.246,224.219,1252.382,14.253,79,1.173,normal
20.315,0.045,140.428,2.101,207.03,1268.608,10.904,77,1.048,normal
17.643,0.057,82.895,2.475,233.456,1325.153,8.763,56,0.876,normal
12.55,0.08,30.635,2.559,234.635,1363.492,6.67,45,0.772,normal
16.336,0.063,6.004,2.582,242.076,1333.104,8.836,44,0.746,normal
21.863,0.046,17.657,2.484,238,1304.646,11.802,56,0.782,normal
50.661,0.079,0.021,10.181,928.059,1371.234,31.788,41,0.648,normal
18.934,0.053,13.008,2.53,238.549,1325.531,5.174,47,0.733,normal
22.387,0.045,102.273,2.306,223.097,1291.828,16.064,62,1.072,normal
16.336,0.063,6.004,2.582,242.076,1333.104,8.836,44,0.746,normal
11.38,0.088,129.232,2.517,229.455,1370.919,6.775,52,0.986,normal
15.649,0.07,89.859,2.729,252.189,1352.899,11.318,45,0.84,normal
9.192,0.053,13.008,2.53,238.549,1325.531,5.174,47,0.733,normal
1.504,0.665,0.578,0.174,16.635,1305.353,1.243,42,0.195,normal
2.181,0.459,6.466,0.244,22.999,1326.235,1.855,70,0.171,normal
22.44,0.046,2.975,2.646,254.107,1301.613,12.324,68,0.459,normal
20.577,0.049,7.965,2.562,246.042,1301.703,13.921,68,0.532,normal
7.657,0.131,4.105,1.041,98.399,1323.002,6.215,49,0.262,normal
22.248,0.092,10.709,3.437,320.478,1340.412,16.205,58,0.34,normal
17.216,0.058,29.468,2.229,211.847,1315.345,11.358,59,0.474,normal
30.575,0.033,0.01,2.734,268.87,1270.998,19.315,64,0.692,normal
17.279,0.058,5.178,2.604,244.192,1306.677,12.649,101,0.479,normal
4.603,0.217,16.229,0.544,52.068,1306.677,3.752,38,0.259,normal
4.942,0.202,12.559,0.48,46.484,1290.282,3.954,63,0.255,normal
6.793,0.147,16.377,1.531,140.34,1363.731,4.428,30,0.302,normal
5.309,0.384,0.318,0.84,78.311,1340.223,3.826,54,0.199,normal
4.54,0.22,0.216,0.413,40.343,1280.327,3.215,81,0.301,normal
3.377,0.296,24.349,0.558,51.3,1360.813,2.612,54,0.204,normal
1.605,0.623,17.388,0.172,16.566,1297.759,1.349,47,0.193,normal
2.55,0.392,23.913,0.228,22.343,1273.343,2.204,64,0.169,normal
5.097,0.195,0.149,0.539,52.298,1288.44,3.766,70,0.24,normal
3.012,0.332,117.248,0.292,28.231,1292.996,2.402,75,0.205,normal
1.587,0.63,157.063,0.299,27.357,1365.627,0.985,66,0.206,normal
1.209,0.66,132.344,0.119,11.679,1277.178,12.25,31,0.084,normal
0.65,1.533,0.166,2.84,248.457,1429.001,0.025,4,0.102,normal
1.86,0.538,246.413,2.727,239.885,1421.151,0.51,26,0.258,normal
1.117,0.885,0.106,2.986,261.622,1426.319,0.197,7,0.311,normal
6.295,0.159,38.488,0.966,93.747,1287.808,4.495,61,0.199,normal
5.896,0.169,21.057,0.39,40.95,1189.978,4.902,83,0.134,normal
1.794,0.557,137.417,0.133,13.357,1244.118,1.587,73,0.147,normal
1.391,0.718,108.598,0.128,12.453,1286.546,1.216,58,0.175,normal
1.243,0.805,231.459,0.13,12.481,1305.612,1.047,41,0.139,normal
1.328,0.06,0.006,0.116,17.333,835.7884,12.25,31,0.084,normal
0.609,1.653,1.499,0.129,11.488,1408.515,0.488,12,0.141,normal
1.823,0.548,0.533,0.162,15.973,1268.118,1.431,58,0.182,normal
1.123,0.889,4.707,0.138,13.117,1316.366,0.837,34,0.184,normal
49,0.02,0.032,0.054,49,139,49.11,64,0.037,flooding
72.768,0.014,0.027,0.081,72.768,139,72.768,119,0.811,flooding
128.703,0.008,0.078,0.155,139.53,139,199.32,241,22.769,flooding
99.281,0.01,0.024,0.11,99.281,139,112.525,150,1.627,flooding
58.268,0.018,0.083,0.065,58.268,139,78.955,125,28.384,flooding
56.654,0.018,0.086,0.063,56.654,139,73.128,123,23.135,flooding
146.818,0.007,0.02,0.164,147.585,139,181.942,296,6.214,flooding
127.971,0.008,0.039,0.161,144.468,139,191.743,292,23.922,flooding
66.148,0.015,0.082,0.074,66.148,139,86.248,139,16.243,flooding
66.93,0.015,0.071,0.074,66.93,139,90.524,156,23.406,flooding
81.784,0.012,0.053,0.091,81.796,139,107.026,165,16.279,flooding
83.988,0.012,0.047,0.093,83.988,139,110.77,171,6.313,flooding
302.53,0.003,0.02,0.336,302.538,139,424.902,590,7.417,flooding
83.106,0.012,0.052,0.099,88.736,139,105.4,201,16.243,flooding
90.2,0.01,0.036,0.103,92.695,139,119.38,525,8.167,flooding
322.453,0.003,0.016,0.359,322.585,139,451.15,739,5.836,flooding
112.478,0.009,0.034,0.13,117.167,139,144.462,206,10.603,flooding
115.4,0.009,0.036,0.132,118.48,139,154.65,213,6.814,flooding
115.4,0.009,0.036,0.132,118.48,139,154.65,213,15.154,flooding
121.703,0.008,0.034,0.142,127.588,139,161.797,235,11.15,flooding
257.605,0.004,0.015,0.286,257.62,139,347.46,429,4.7,flooding
66.177,0.015,0.105,0.1,89.592,139,63.228,236,79.15,flooding
198.397,0.005,0.042,0.221,198.45,139,275.833,483,9.838,flooding
87.978,0.012,0.074,0.121,109.15,139,83.037,248,65.189,flooding
291.457,0.003,0.013,0.324,291.48,139,388.128,487,4.823,flooding
86.673,0.011,0.069,0.128,114.702,139,86.467,284,63.519,flooding
345.172,0.003,0.012,0.384,345.207,139,454.91,516,4.653,flooding
112.257,0.009,0.057,0.152,136.828,139,130.903,304,43.94,flooding
114.232,0.009,0.054,0.16,143.712,139,131.353,311,46.345,flooding
148.175,0.007,0.052,0.165,148.222,139,194.35,352,37.645,flooding
162.057,0.006,0.049,0.18,162.245,139,219.977,356,38.192,flooding
8.934,0.112,0.091,0.852,91.739,1160.671,10.158,170,1.991,flooding
12.361,0.082,0.06,1.438,142.787,1258.743,13.854,181,3.891,flooding
846.562,0.001,0.001,6.33,1572.598,503.143,27.183,786,0.008,flooding
929.716,0.001,0.001,6.282,1499.819,523.577,33.862,931,0.007,flooding
925.075,0.001,0.001,6.322,1497.768,527.629,30.547,780,0.007,flooding
91.364,0.012,0.029,2.193,282.383,970.836,11.713,787,0.0326,flooding
276.4535,0.028,0.045,4.416,711.503,775.931,26.659,551,0.063,flooding
275.869,0.025,0.136,4.429,712.124,777.473,26.151,603,0.058,flooding
158.764,0.044,0.238,3.379,473.849,891.373,22.717,562,0.09,flooding
483.435,0.002,0.001,4.808,736.256,604.709,16.006,695,0.009,flooding
383.391,0.003,0.001,3.562,17.333,835.7884,19.431,611,0.084,flooding
295.424,0.003,0.001,3.034,591.129,641.527,12.629,786,0.009,flooding
233.864,0.004,0.005,2.636,490.284,672.024,9.181,611,0.018,flooding
206.599,0.005,0.001,2.176,419.301,629.495,7.839,601,0.009,flooding
185.656,0.005,0.001,1.85,367.276,835.7884,7.89,500,0.009,flooding
159.23,0.006,0.006,1.696,325.336,651.586,6.373,611,0.01,flooding
146.579,0.007,0.001,1.526,295.651,645.138,5.455,1040,0.01,flooding
129.671,0.008,0.018,1.428,268.707,664.077,5.336,780,0.009,flooding
215.528,0.005,0.001,4.235,620.225,853.535,14.405,299,0.023,flooding
201.146,0.005,0.001,3.124,512.112,762.48,12.326,326,0.019,flooding
194.904,0.005,0.001,2.459,435.043,706.613,10.971,474,0.017,flooding
59.212,0.015,0.003,1.459,190.434,957.614,6.14,594,0.033,flooding
153.162,0.007,0.001,1.982,331.217,747.831,9.039,559,0.015,flooding
130.26,0.008,0.01,1.842,296.04,777.769,7.449,492,0.017,flooding
122.447,0.008,0.001,1.625,268.949,755.112,7.027,76,0.016,flooding
116.052,0.009,0.001,1.448,246.783,733.546,6.841,714,0.0815,flooding
77.599,0.013,0.005,2.432,299.967,1013.492,11.871,528,0.205,flooding
83.661,0.012,0.004,2.149,283.791,946.398,10.99,528,0.191,flooding
85.566,0.06,0.003,1.933,263.492,917.059,10.685,490,0.191,flooding
85.279,0.012,0.003,1.814,245.902,922.149,10.547,709,0.19,flooding
77.566,0.013,0.003,1.766,233.168,946.832,9.833,561,0.19,flooding
70.46,0.014,0.004,1.713,221.546,966.288,8.939,528,0.198,flooding
69.124,0.014,0.003,1.603,210.659,951.401,8.802,528,0.186,flooding
67.956,0.0147,0.003,1.51,201.274,937.672,8.672,687,0.181,flooding
4.577,0.214,0.286,0.868,87.417,1241.503,5.03,100,1.758,normal
4.547,0.216,0.361,0.693,73.497,1178.312,5.28,132,1.081,normal
5.55,0.176,0.242,0.671,71.173,1178.855,6.633,69,0.959,normal
8.597,0.116,0.118,0.694,77.59,1117.686,8.353,96,0.682,flooding
40.277,0.025,0.025,0.749,110,851.314,28.307,125,0.1,flooding
33.407,0.03,0.027,0.706,99.917,882.907,25.18,109,0.134,flooding
13.187,0.027,0.02,0.228,34.45,826.764,11.687,112,0.103,flooding
4.562,0.217,0.341,0.781,80.457,1212.641,5.123,138,1.416,normal
7.073,0.141,0.153,0.682,74.378,1146.999,7.458,97,0.789,flooding
36.842,0.027,0.026,0.727,104.925,866.511,26.192,125,0.116,flooding
6.593,0.027,0.02,0.114,17.225,826.764,5.843,112,0.103,flooding
18.713,0.053,0.039,1.395,143.643,1214.313,17.367,259,0.659,flooding
238.973,0.004,0.005,1.36,336.173,505.644,185.27,343,0.046,flooding
151.99,0.007,0.005,2.186,331.153,825.205,111.197,284,0.104,flooding
133.16,0.008,0.005,2.734,364,938.834,88.733,324,0.083,flooding
9.613,0.103,0.083,2.164,202.71,1334.276,7.683,93,1.981,flooding
9.19,0.107,0.089,2.064,190.65,1353.082,9.04,91,1.012,normal
128.843,0.008,0.007,1.378,239.908,717.799,100.775,315,0.092,flooding
112.497,0.009,0.006,2.174,294.427,923.093,84.96,293,0.128,flooding
71.283,0.014,0.008,2.449,283.355,1080.282,48.247,324,0.205,flooding
6.603,0.151,0.044,3.372,291.623,1445.275,4.94,122,3.517,normal
7.997,0.123,0.122,1.903,176.953,1344.21,5.85,118,1.36,normal
44.437,0.022,0.016,2.031,221.967,1143.959,28.03,161,0.234,flooding
63.16,0.016,0.016,1.507,191.883,981.616,41.553,161,0.155,flooding
13.197,0.075,0.047,1.934,186.75,1294.306,9.417,161,1.114,flooding
31.683,0.032,0.022,1.525,164.527,1158.942,20.627,120,0.42,flooding
19.597,0.018,0.017,0.517,64.34,1004.169,12.473,141,0.325,flooding
7.3,0.136,0.085,2.637,234.288,1407.109,5.308,122,2.32,normal
53.798,0.018,0.016,1.769,206.925,1068.688,34.768,163,0.188,flooding
22.44,0.045,0.028,1.73,175.638,1230.906,14.887,161,0.625,flooding
9.798,0.018,0.017,0.258,32.17,1004.169,6.237,141,0.325,flooding
19.597,0.018,0.017,0.517,64.34,1004.169,12.473,141,0.325,normal
13.693,0.073,0.072,1.472,152.14,1209.245,14.163,142,0.874,normal
7.45,0.134,0.135,1.896,190.033,1247.057,6.03,104,1.174,normal
7.647,0.129,0.115,1.754,183.063,1197.955,6.973,161,1.422,normal
7.88,0.125,0.14,1.723,176.237,1222.418,7.117,123,1.197,normal
8.023,0.123,0.171,1.805,188.203,1199.145,8.513,182,1.329,normal
10.25,0.095,0.096,2.364,232.24,1272.151,9.353,118,0.891,normal
10.73,0.091,0.103,1.964,190.503,1288.395,10.44,124,1.52,normal
8.207,0.12,0.115,2.128,203.127,1309.755,5.867,132,1.067,normal
7.707,0.129,0.112,2.668,245.68,1357.707,5.007,164,2.248,normal
8.067,0.124,0.106,2.054,195.177,1315.518,6.487,121,1.842,normal
20.723,0.048,0.024,2.542,249.483,1273.764,12.68,194,0.444,flooding
104.75,0.01,0.01,2.183,291.127,937.453,63.56,188,0.072,flooding
91.52,0.01,0.011,1.374,208.307,824.789,61.467,201,0.042,flooding
16.167,0.061,0.055,1.394,150.563,1157.067,15.047,158,2.918,normal
16.84,0.059,0.042,1.863,197.61,1178.294,14.727,188,5.903,normal
14.03,0.071,0.061,2.157,211.227,1276.57,11.487,188,1.598,normal
13.177,0.075,0.057,2.213,222.473,1243.206,11.22,129,1.636,normal
11.21,0.088,0.115,1.607,168.55,1192.114,11.067,151,1.593,normal
14.253,0.07,0.059,1.489,160.53,1159.365,11.883,110,1.145,normal
11.823,0.084,0.111,1.447,156.623,1155.143,12.737,162,1.785,normal
11.157,0.088,0.103,1.477,155.44,1187.699,12.19,180,1.58,normal
8.683,0.08,0.076,1.415,144.08,1227.731,7.183,124,1.809,normal
16.247,0.062,0.08,1.523,157.63,1208.069,14.067,156,1.255,flooding
15.33,0.065,0.07,2.154,223.557,1204.513,9.363,119,1.187,flooding
21.12,0.047,0.04,1.645,189.723,1083.694,16.027,109,1.263,flooding
14.02,0.071,0.106,0.988,111.59,1106.808,10.597,110,0.815,flooding
15.633,0.064,0.078,1.666,189.777,1097.601,10.883,134,1.871,flooding
16.07,0.062,0.069,1.699,190.93,1112.27,10.613,151,0.68,flooding
16.017,0.062,0.078,1.555,175.04,1110.616,11.723,125,0.734,flooding
16.15,0.062,0.065,1.756,195.15,1124.543,9.953,104,0.707,flooding
11.27,0.062,0.07,1.177,134.437,1094.457,7.627,117,0.663,normal
10.383,0.096,0.078,1.357,142.613,1189.516,9.643,152,2.348,normal
8.413,0.119,0.09,0.996,108.393,1148.708,9.223,133,11.651,normal
6.493,0.152,0.072,1.31,128.033,1278.92,5.573,152,2.579,normal
12.18,0.081,0.074,2.405,235.76,1275.073,10.113,176,1.378,normal
10.58,0.093,0.091,1.708,183.193,1165.576,10.127,159,1.36,normal
7.067,0.141,0.16,0.852,92.987,1145.848,7.833,124,1.464,normal
10.457,0.094,0.071,1.426,150.14,1187.487,8.923,115,1.628,normal
8.91,0.111,0.111,1.944,193.067,1258.445,8.027,122,1.48,normal
4.053,0.177,0.363,0.245,27.337,1119.41,4.39,116,0.205,normal
8.033,0.124,0.085,2.209,217.083,1272.246,6.813,91,1.463,normal
9.403,0.106,0.107,1.769,187.163,1181.551,9.027,90,1.2223,normal
8.977,0.096,0.07,1.506,160.047,1176.184,8.257,95,0.924,normal
7.923,0.121,0.081,1.33,144.957,1146.836,6.327,66,0.387,normal
5.69,0.173,0.149,1.374,145.057,1184.13,3.797,69,0.613,normal
7.52,0.132,0.097,1.64,171.857,1192.669,4.453,88,0.482,normal
6.453,0.155,0.133,1.409,155.423,1133.277,4.667,75,0.551,normal
5.607,0.178,0.153,1.408,152.877,1150.897,4.677,84,0.58,normal
7.29,0.137,0.128,1.38,144.573,1192.861,6.687,78,0.494,normal
6.017,0.166,0.168,1.272,135.03,1177.059,5.76,83,0.496,normal
6.7,0.147,0.166,1.021,106.147,1202.242,5.793,67,0.474,normal
2.89,0.34,0.483,0.872,79.993,1362.234,2.84,88,1.725,normal
5.207,0.189,0.206,0.731,71.24,1282.618,6.27,107,0.685,normal
5.247,0.185,0.141,0.869,82.553,1315.987,6.38,105,0.958,normal
3.51,0.26,0.246,0.895,87.13,1284.513,3.77,103,1.2,normal
2.56,0.389,0.299,0.845,79.767,1324.753,2.047,97,1.476,normal
2.757,0.359,0.26,0.887,83.393,1329.739,2.023,87,1.254,normal
5.533,0.146,0.127,0.548,52.987,1293.711,6.58,91,0.492,normal
20.367,0.049,0.052,1.492,170.2,1095.742,13.772,136,0.515,flooding
71.307,0.014,0.013,1.696,218.63,969.723,45.225,260,0.21,flooding
40.727,0.025,0.023,1.925,228.403,1053.739,21.147,159,0.287,flooding
28.043,0.036,0.038,1.575,181.188,1086.43,17.517,153,0.408,flooding
25.975,0.038,0.036,1.718,196.718,1091.872,16.012,174,0.472,flooding
23.84,0.042,0.047,1.507,169.363,1111.989,17.085,194,0.525,flooding
21.805,0.046,0.051,1.521,170.738,1113.606,15.848,167,0.577,flooding
20.482,0.049,0.053,1.384,156.733,1103.406,15.028,134,0.556,flooding
18.805,0.053,0.055,1.534,176.425,1086.611,12.298,144,0.603,flooding
4.107,0.054,0.048,0.457,51.895,1100.406,2.278,118,0.605,flooding
15.212,0.061,0.073,0.066,20.368,407.959,15.155,189,1.081,flooding
16.127,0.062,0.072,0.11,21.293,644.412,15.418,116,0.885,flooding
18.865,0.053,0.069,0.193,28.977,832.362,19.235,158,0.715,flooding
20.128,0.05,0.07,0.212,31.337,845.699,21.477,189,0.656,flooding
18.148,0.055,0.088,0.192,28.613,837.49,19.095,165,0.619,flooding
21.972,0.045,0.063,0.236,34.135,863.55,23.888,216,0.581,flooding
22.272,0.045,0.059,0.244,35.057,870.793,24.135,178,0.553,flooding
19.133,0.052,0.064,0.166,27.525,755.215,18.235,192,0.61,flooding
22.892,0.044,0.065,0.239,35.38,844.364,25.777,188,0.618,flooding
20.13,0.05,0.074,0.169,28.715,736.172,21.62,183,0.694,flooding
22.722,0.044,0.065,0.224,34.132,820.11,25.753,183,0.596,flooding
20.175,0.05,0.071,0.204,31.037,819.708,21.277,163,0.533,flooding
20.845,0.048,0.075,0.218,32.792,830.458,21.982,256,0.491,flooding
20.52,0.049,0.065,0.212,32.162,823.223,20.988,203,0.69,flooding
18.55,0.054,0.078,0.145,25.232,716.6,18.797,178,0.896,flooding
15.81,0.066,0.093,0.063,18.245,430.88,15.355,102,0.956,flooding
15.097,0.057,0.062,1.269,143.12,1108.564,11.637,189,1.116,flooding
15.34,0.065,0.064,2.109,221.207,1191.76,9.483,127,0.982,flooding
16.47,0.061,0.056,2.116,227.303,1163.754,10.553,107,0.974,flooding
15.78,0.063,0.068,1.711,190.063,1125.122,9.537,115,0.79,flooding
19.103,0.052,0.054,2.306,237.293,1214.566,13.803,154,0.708,flooding
17.97,0.056,0.064,1.894,197.417,1199.256,12,124,0.652,flooding
22.29,0.045,0.051,2.021,213.433,1183.605,18.02,171,0.658,flooding
14.843,0.067,0.109,1.037,110.047,1178.411,11.253,110,0.505,flooding
21.453,0.047,0.059,1.465,165.13,1108.971,19.063,165,0.695,flooding
20.507,0.049,0.059,1.7,195.867,1085.109,15.637,153,0.573,flooding
23.437,0.043,0.05,1.535,177.557,1080.374,20.647,212,0.588,flooding
21.327,0.047,0.045,1.326,155.367,1066.614,16.52,136,0.547,flooding
23.333,0.043,0.054,1.426,165.117,1079.427,21.163,181,0.558,flooding
19.833,0.05,0.057,1.313,151.14,1085.61,14.58,192,0.639,flooding
18.443,0.054,0.057,1.173,135.303,1083.389,13.403,138,0.593,flooding
20.723,0.048,0.06,1.581,182.19,1085.052,16.073,150,0.702,flooding
25.067,0.04,0.042,1.584,188.053,1052.621,21.567,167,0.549,flooding
19.807,0.05,0.065,1.468,170.793,1074.302,16.84,183,0.691,flooding
20.453,0.049,0.063,1.558,178,1094.184,17.73,120,0.697,flooding
22.833,0.044,0.05,1.528,180.16,1060.364,19.3,167,0.577,flooding
22.607,0.044,0.055,1.621,191.147,1060.062,19.59,160,0.615,flooding
20.413,0.049,0.073,1.371,162.3,1055.92,17.043,150,0.491,flooding
19.94,0.05,0.055,1.615,184.937,1091.872,15.163,154,0.563,flooding
20.5,0.049,0.069,1.535,181.77,1055.358,15.42,155,0.422,flooding
21.337,0.047,0.054,1.624,190.83,1064.093,15.903,211,0.558,flooding
20.137,0.05,0.068,1.239,143.687,1077.439,17.457,139,0.708,flooding
20.903,0.048,0.055,1.611,183.83,1095.352,16.307,192,0.673,flooding
20.653,0.048,0.055,1.651,192.073,1074.664,14.053,173,1.001,flooding
16.447,0.061,0.079,1.371,153.893,1113.511,12.473,141,0.763,flooding
15.81,0.066,0.083,1.413,156.445,1128.827,11.155,97,0.956,flooding
17.897,0.056,0.05,0.068,27.23,310.037,23.53,153,7.19,normal
14.04,0.071,0.086,0.054,20.973,322.887,18.547,145,6.454,normal
11.72,0.084,0.104,0.043,16.127,334.316,15.14,135,6.683,normal
13.397,0.075,0.08,0.096,24.12,498.699,17.54,158,5.721,normal
11.48,0.086,0.105,0.076,18.567,514.624,16.25,168,8.367,normal
12.163,0.082,0.085,0.075,18.233,511.426,16.05,156,8.1,normal
10.543,0.094,0.103,0.071,19.27,458.773,14.59,184,2.207,normal
12.837,0.078,0.087,0.089,19.9,560.851,15.17,176,1.437,normal
15.867,0.063,0.065,0.151,29.437,640.169,21.273,150,1.113,normal
12.367,0.08,0.106,0.126,22.597,697.272,17.417,180,1.596,normal
13.643,0.071,0.086,0.164,27.237,752.747,18.053,176,2.084,normal
13.187,0.075,0.084,0.175,29.083,754.014,18.133,218,1.391,normal
10.39,0.095,0.153,0.127,21.937,722.46,14.187,155,1.209,normal
11.043,0.087,0.104,0.05,19.643,318.359,13.403,139,0.959,normal
8.67,0.114,0.208,0.036,14.047,317.59,11.78,127,1.141,normal
12.527,0.078,0.102,0.05,19.84,316.137,15.813,169,1.323,normal
9.637,0.103,0.125,0.042,16.36,324.137,12.833,144,1.801,normal
11.51,0.086,0.112,0.05,18.973,327.079,14.38,175,1.822,normal
12.59,0.077,0.119,0.054,19.99,334.724,16.113,155,1.806,normal
14.57,0.068,0.096,0.065,22.12,367.954,18.423,169,1.67,normal
15.207,0.065,0.087,0.067,25.477,327.643,19.403,183,1.422,normal
10.383,0.094,0.127,0.052,19.683,330.934,13.127,196,1.483,normal
16.573,0.06,0.113,0.068,26.647,317.093,22.66,203,1.427,normal
7.913,0.113,0.199,0.029,12.32,290.327,11.307,169,2.066,normal
0.5,1.476,0.786,0.008,4.01,240.44,0.967,66,13.434,normal
15.967,0.063,0.063,0.061,24.102,315.628,20.933,153,7.012,normal
12.558,0.079,0.09,0.07,20.123,432.832,16.167,160,6.221,normal
11.822,0.084,0.105,0.076,18.4,513.039,16.218,168,8.556,normal
11.65,0.086,0.09,0.08,19.585,510.633,14.55,184,1.806,normal
14.117,0.071,0.076,0.138,26.017,664.968,19.243,184,1.323,normal
13.415,0.074,0.082,0.17,28.16,753.401,18.068,237,1.746,normal
10.542,0.093,0.129,0.088,20.79,531.554,13.768,155,1.083,normal
10.598,0.093,0.13,0.043,16.943,316.74,13.54,171,1.253,normal
10.573,0.094,0.103,0.046,17.667,325.717,13.193,169,1.823,normal
13.58,0.073,0.105,0.059,21.055,352.179,17.212,170,1.735,normal
12.795,0.078,0.102,0.059,22.58,329.077,16.522,185,1.447,normal
12.205,0.078,0.121,0.048,19.483,308.631,16.54,203,1.636,normal
0.25,1.476,0.786,0.004,2.043,240.206,0.483,66,13.434,normal
17.82,0.054,0.083,0.087,26.787,407.138,17.763,183,0.921,flooding
15.94,0.063,0.094,0.072,21.127,426.619,14.747,159,0.63,flooding
16.133,0.062,0.085,0.076,18.79,507.258,14.783,120,0.698,flooding
17.08,0.058,0.077,0.114,22.12,643.392,15.647,115,0.644,flooding
17.747,0.056,0.074,0.147,26.417,695.851,17.677,133,0.783,flooding
25.887,0.039,0.049,0.257,39.143,822.11,29.48,183,0.584,flooding
20.693,0.048,0.071,0.195,30.677,792.73,21.377,154,0.671,flooding
21.987,0.045,0.064,0.196,31.46,777.103,23.68,173,0.547,flooding
25.573,0.039,0.047,0.201,34.48,727.215,28.733,133,0.589,flooding
27.183,0.037,0.047,0.284,41.23,860.32,30.617,166,0.489,flooding
22.277,0.045,0.059,0.31,41.043,945.386,23.077,183,0.504,flooding
24.387,0.041,0.053,0.32,43.307,924.498,26.5,173,0.562,flooding
22.407,0.045,0.168,0.298,41.453,899.552,22.937,196,0.59,flooding
21.807,0.046,0.058,0.303,40.86,927.784,22.6,184,0.551,flooding
23.023,0.043,0.054,0.329,42.837,961.207,24.7,168,0.54,flooding
15.61,0.064,0.131,0.098,20.367,600.742,16.31,115,0.345,flooding
16.567,0.06,0.084,0.133,24.01,691.264,16.21,131,0.461,flooding
16.837,0.059,0.09,0.166,26.923,768.393,16.28,137,0.603,flooding
17.727,0.056,0.072,0.148,24.88,741.839,16.973,154,0.925,flooding
16.74,0.061,0.056,0.095,25.06,471.62,21.77,107,0.919,flooding
16.247,0.061,0.101,0.088,27.197,404.675,21.423,145,0.871,normal
16.113,0.062,0.047,0.106,27.273,484.885,19.1,179,1.207,normal
14.577,0.069,0.031,0.083,21.92,470.614,15.67,209,1.208,normal
14.833,0.067,0.03,0.083,23.207,447.472,14.673,166,1.281,normal
16.413,0.06,0.038,0.116,26.247,550.489,17.19,146,1.165,normal
14.817,0.067,0.045,0.183,27.203,839.402,18.263,133,1.122,normal
11.753,0.084,0.153,0.155,22.86,846.676,16.643,185,0.981,normal
12.933,0.077,0.128,0.174,24.677,882.758,18.35,196,0.978,normal
12.843,0.076,0.191,0.169,23.587,895.278,19.793,155,0.813,normal
15.177,0.065,0.123,0.205,27.08,946.079,23.023,175,0.771,normal
14.197,0.07,0.151,0.202,27.687,913.308,21.207,188,0.852,normal
12.54,0.079,0.197,0.161,23.977,837.085,18.75,183,0.932,normal
12.563,0.078,0.213,0.149,22.983,810.066,19.293,178,1.025,normal
14.757,0.066,0.138,0.223,29.293,951.119,22.22,222,0.629,normal
5.45,0.082,0.177,0.071,9.84,907.193,7.823,109,0.736,normal
15.237,0.065,0.112,0.156,26.643,729.657,21.967,197,0.859,normal
18.673,0.053,0.071,0.225,34.817,808.399,27.277,209,0.609,normal
21.917,0.045,0.058,0.287,40.407,886.477,32.96,205,0.548,normal
24.383,0.041,0.044,0.164,40.987,501.536,33.72,247,0.64,normal
23.783,0.042,0.046,0.32,44.257,903.383,34.34,232,0.663,normal
16.743,0.06,0.035,0.162,30.34,666.103,19.82,159,0.943,normal
18.407,0.054,0.031,0.187,32.557,719.861,21.447,249,0.8,normal
20.31,0.049,0.024,0.208,35.34,734.638,23.777,185,0.71,normal
20.887,0.048,0.028,0.208,34.73,749.678,23.59,180,0.937,normal
13.527,0.074,0.048,0.053,19.193,343.526,14.25,160,1.254,normal
13.127,0.076,0.047,0.086,19.99,537.948,15.177,157,1.259,normal
18.273,0.055,0.035,0.226,33.88,835.032,22.357,169,0.87,normal
18.92,0.053,0.034,0.107,26.603,504.82,19.403,152,0.924,normal
16.257,0.061,0.037,0.064,22.54,355.895,16.133,160,1.116,normal
15.957,0.063,0.042,0.068,22.05,383.97,16.9,122,1.249,normal
15.603,0.064,0.041,0.062,20.693,374.518,16.183,113,1.183,normal
11.99,0.083,0.049,0.053,18.057,366.172,12.557,134,1.482,normal
12.305,0.084,0.055,0.054,18.915,357.892,14.115,139,1.316,normal
10.14,0.098,0.129,0.098,15.868,771.764,13.99,193,1.008,normal
7,0.143,0.245,0.087,11.493,948.105,9.573,115,0.648,normal
10.548,0.095,0.141,0.192,20.213,1189.014,15.078,139,0.434,normal
6.755,0.147,0.283,0.192,16.123,1490.017,10.603,153,0.703,normal
6.692,0.149,0.262,0.202,16.963,1487.642,9.99,135,0.68,normal
9.048,0.11,0.168,0.226,20.105,1405.231,13.087,136,0.855,normal
9.565,0.103,0.138,0.212,19.88,1331.238,13.907,130,0.495,normal
7.433,0.133,0.275,0.203,17.035,1489.074,10.923,154,0.605,normal
8.197,0.122,0.205,0.133,14.213,1165.945,11.642,106,0.581,normal
10.367,0.096,0.15,0.1,14.443,864.225,14.71,176,0.497,normal
16.657,0.06,0.065,0.108,21.113,640.554,24.128,144,0.483,normal
17.67,0.057,0.055,0.112,22.75,612.941,26.63,105,0.282,normal
7.433,0.133,0.17,1.259,124.243,1266.202,7.34,162,1.008,normal
12.847,0.078,0.081,1.209,119.423,1265.631,14.787,161,0.359,normal
5.687,0.171,0.31,1.141,106.757,1335.912,5.62,111,0.757,normal
8.377,0.119,0.149,1.17,111.66,1309.653,8.537,98,0.573,normal
9.38,0.107,0.153,1.331,132.53,1255.404,9.077,125,0.489,normal
11.717,0.085,0.091,1.866,170.987,1364.388,11.253,134,0.39,normal
8.173,0.121,0.177,1.977,180.88,1366.392,7.773,99,0.553,normal
7.823,0.125,0.171,1.821,163.167,1394.667,7.093,111,0.611,normal
6,0.16,0.245,1.484,132.89,1395.511,7.013,153,0.755,normal
6.21,0.159,0.317,0.192,16.067,1490.476,9.33,135,0.799,normal
7.173,0.138,0.228,0.212,17.86,1485.093,10.84,135,0.575,normal
7.423,0.134,0.263,0.197,16.623,1482.603,11.1,136,0.667,normal
10.673,0.092,0.138,0.255,23.587,1350.701,15.673,137,0.993,normal
11.843,0.083,0.093,0.212,21.93,1208.453,17.223,130,0.41,normal
7.347,0.133,0.258,0.211,17.83,1482.258,10.913,121,0.625,normal
7.153,0.135,0.306,0.186,15.627,1488.156,10.41,109,0.553,normal
7.713,0.127,0.269,0.22,18.443,1489.852,11.677,189,0.654,normal
7.653,0.13,0.193,0.176,16.257,1354.901,10.773,106,0.65,normal
8.74,0.113,0.222,0.089,12.17,913.539,12.493,94,0.521,normal
9.66,0.103,0.194,0.101,13.43,940.477,13.67,119,0.521,normal
11.073,0.089,0.129,0.099,15.457,797.971,16.143,172,0.476,normal
12.943,0.077,0.115,0.103,18.057,715.241,18.78,141,0.961,normal
20.37,0.049,0.044,0.113,24.17,584.757,30.237,152,0.204,normal
145.877,0.007,0.009,0.227,146.19,193.83,131.077,326,0.255,flooding
144.3,0.007,0.009,0.224,144.31,194.009,125.26,317,0.989,flooding
128.007,0.008,0.011,0.196,128.023,191.412,109.07,187,1.227,flooding
108.267,0.009,0.013,0.166,108.313,191.176,93.573,167,1.685,flooding
96.027,0.01,0.014,0.148,96.027,192.781,83.683,151,1.653,flooding
86.57,0.012,0.014,0.137,86.57,198.3,74.997,169,0.64,flooding
79.773,0.013,0.013,0.132,79.773,206.325,67.28,161,3.981,flooding
145.088,0.007,0.009,0.225,145.25,193.919,127.657,326,1.006,flooding
118.137,0.008,0.012,0.181,118.168,191.304,100.865,187,1.592,flooding
91.298,0.011,0.014,0.143,91.298,195.398,79.462,170,1.259,flooding
51.89,0.017,0.018,0.089,51.893,213.529,44.027,161,4.042,flooding
9.24,0.075,0.058,0.025,9.24,336.297,7.847,45,0.241,flooding
35.593,0.028,0.03,0.102,35.593,357.517,28.053,45,0.097,flooding
34.1,0.029,0.035,0.098,34.1,357.406,29.133,46,0.08,flooding
31.827,0.031,0.038,0.091,31.863,358.326,25.567,50,0.096,flooding
24.313,0.041,0.048,0.069,24.313,353.06,20.643,32,0.119,flooding
23.807,0.042,0.053,0.068,23.81,354.85,20.943,40,0.081,flooding
22.217,0.045,0.054,0.063,22.23,355.724,18.59,29,0.142,flooding
19.423,0.051,0.057,0.056,19.423,358.052,15.86,43,0.189,flooding
17.097,0.058,0.07,0.049,17.097,358.746,14.153,23,0.173,flooding
15.973,0.063,0.078,0.045,15.98,351.328,13.777,24,0.13,flooding
16.55,0.06,0.071,0.047,16.55,351.828,14.59,24,0.142,flooding
17.2,0.058,0.067,0.049,17.2,353.672,14.813,25,0.158,flooding
18.553,0.054,0.063,0.052,18.557,353.447,15.597,37,0.164,flooding
12.723,0.068,0.076,0.035,12.723,342.743,11.613,28,0.162,flooding
22.417,0.038,0.035,0.063,22.417,353.143,17.717,45,0.149,flooding
32.963,0.03,0.036,0.094,32.982,357.851,26.96,52,0.104,flooding
24.06,0.042,0.05,0.068,24.062,353.946,20.44,33,0.122,flooding
20.82,0.048,0.055,0.059,20.827,356.81,17.033,48,0.189,flooding
16.535,0.06,0.074,0.047,16.538,355.162,13.922,25,0.186,flooding
16.875,0.059,0.069,0.048,16.875,352.768,14.615,24,0.182,flooding
15.638,0.059,0.068,0.044,15.64,349.093,13.522,37,0.197,flooding
32.513,0.03,0.036,0.065,33.79,239.355,32.7,206,1.023,flooding
32.657,0.031,0.041,0.071,32.663,272.756,36.877,256,1.116,flooding
22.987,0.044,0.053,0.048,22.987,259.074,21.907,74,16.063,flooding
22.37,0.045,0.053,0.045,22.37,252.251,20.863,68,6.846,flooding
21.503,0.046,0.063,0.043,21.503,248.392,22.037,91,11.424,flooding
21.23,0.047,0.066,0.042,21.23,247.347,21.607,66,11.138,flooding
20.597,0.049,0.064,0.044,20.597,264.622,20.663,63,10.709,flooding
20.507,0.049,0.066,0.044,20.507,270.849,20.38,61,10.85,flooding
20.753,0.048,0.065,0.046,20.753,275.736,20.457,54,10.081,flooding
27.873,0.036,0.049,0.055,27.873,245.681,26.693,58,7.557,flooding
34.907,0.029,0.036,0.066,34.907,235.349,32.103,59,5.554,flooding
33.507,0.03,0.034,0.063,33.507,233.358,30.953,69,5.457,flooding
27.503,0.036,0.037,0.055,27.503,248.133,25.807,63,7.438,flooding
28.333,0.035,0.037,0.056,28.333,245.083,26.263,118,6.362,flooding
27.88,0.036,0.043,0.053,27.88,238.364,27.293,116,6.375,flooding
30.19,0.033,0.039,0.061,30.19,251.297,29.017,198,6.925,flooding
26.132,0.038,0.031,0.053,26.132,255.239,24.158,77,0.412,flooding
32.585,0.03,0.038,0.068,33.227,255.773,33.868,228,1.922,flooding
22.678,0.044,0.051,0.046,22.678,255.709,20.077,73,13.429,flooding
21.367,0.047,0.062,0.042,21.367,247.873,21.585,91,13.653,flooding
20.552,0.049,0.061,0.044,20.552,267.729,20.148,63,14.472,flooding
24.313,0.041,0.05,0.05,24.313,258.508,23.327,61,11.888,flooding
34.207,0.029,0.032,0.064,34.207,234.374,31.238,70,6.742,flooding
27.918,0.036,0.037,0.055,27.918,246.585,25.822,118,8.373,flooding
29.035,0.034,0.041,0.057,29.035,245.088,28.003,203,7.994,flooding
28.371,0.038,0.031,0.058,28.371,255.239,26.229,77,0.412,flooding
23.353,0.043,0.03,0.068,23.36,362.483,18.597,47,0.286,flooding
44.59,0.022,0.025,0.13,44.59,365.64,34.527,47,0.132,flooding
30.167,0.033,0.034,0.088,30.167,365.371,23.947,44,0.222,flooding
40.137,0.025,0.028,0.116,40.15,361.248,32.557,45,0.172,flooding
149.957,0.007,0.007,0.175,149.957,146.221,124.943,179,0.049,flooding
186.92,0.005,0.007,0.215,186.92,143.544,156.977,196,0.039,flooding
189.267,0.005,0.006,0.218,189.273,144.094,158.69,194,0.037,flooding
58.917,0.017,0.016,0.078,58.917,164.598,49.227,186,0.113,flooding
23.123,0.043,0.042,0.037,23.123,197.981,19.35,29,0.299,flooding
22.84,0.044,0.043,0.037,22.847,204.077,19.137,30,0.332,flooding
22.253,0.045,0.048,0.035,22.27,197.841,18.55,29,0.276,flooding
22.15,0.045,0.044,0.035,22.15,198.524,18.523,27,0.274,flooding
22.207,0.045,0.045,0.037,22.207,208.801,18.327,27,0.268,flooding
23.407,0.043,0.042,0.038,23.413,202.1,19.027,35,0.287,flooding
22.873,0.044,0.042,0.037,22.873,199.87,17.88,28,0.311,flooding
22.38,0.045,0.044,0.036,22.38,200.023,17.497,25,0.32,flooding
16.777,0.048,0.045,0.027,16.777,199.61,13.33,24,0.333,flooding
33.972,0.029,0.027,0.099,33.975,364.554,26.29,48,0.201,flooding
35.152,0.028,0.03,0.102,35.158,363.017,27.895,45,0.21,flooding
168.438,0.006,0.007,0.195,168.438,144.736,139.87,188,0.047,flooding
124.092,0.008,0.009,0.148,124.095,148.961,103.343,194,0.06,flooding
22.982,0.044,0.043,0.037,22.985,201.011,19.142,29,0.34,flooding
22.202,0.045,0.046,0.035,22.21,198.181,18.282,29,0.299,flooding
22.807,0.044,0.043,0.037,22.81,205.362,18.412,36,0.3,flooding
22.627,0.044,0.043,0.036,22.627,199.946,17.445,28,0.338,flooding
8.388,0.048,0.045,0.013,8.388,199.61,6.665,24,0.333,flooding