‘AvgRequestNo’,‘AvgTimeBetwReq’,‘AvgTimeBetwRespReq’,AvgDataRate,AvgPacketNo,‘AvgPacketSize’,‘AvgConcurrentReq’,‘MaxReq’,‘AvgDuration’,Class
1.871,0.52,0.206,0.022,22.703,121.306,597.403,2315,165.349,slowloris
1.565,0.626,0.607,0.023,17.762,165.184,732.553,2970,169.757,slowloris
2.693,0.377,0.41,0.02,15.9025,155.665,308.406,1381,96.939,slowloris
3.172,0.316,0.223,0.018,16.748,132.043,437.083,2187,88.263,slowloris
3.214,0.297,0.068,0.019,17.825,130.849,2.948,236,97.366,slowloris
4.654,0.215,0.188,0.017,16.22,133.175,4.556,206,64.269,slowloris
24.677,0.038,4.681,2.805,268.301,1306.993,20.196,87,2.553,slowloris
25.382,0.038,4.681,2.885,275.974,1306.959,20.773,87,2.454,slowloris
16.152,0.038,4.681,1.836,175.611,1307.021,13.219,87,2.59,slowloris
22.485,0.038,0.806,2.519,242.586,1298.164,18.232,76,4.519,slowloris
22.059,0.042,2.665,2.534,242.44,1306.664,18.507,86,2.325,slowloris
23.22,0.043,2.665,2.668,255.257,1306.391,19.481,86,2.404,slowloris
19.005,0.049,0.199,2.334,224.284,1301.148,16.401,65,6.556,slowloris
17.004,0.038,0.876,2.763,264.681,1305.104,17.933,69,3.32,slowloris
21.1,0.047,0.006,0.116,17.333,835.7884,12.25,31,0.084,slowloris
20.042,0.048,0.798,2.381,229.809,1294.836,17.232,76,3.019,slowloris
20.519,0.048,0.798,2.436,234.876,1296.571,17.642,76,3.262,slowloris
17.954,0.048,0.797,2.131,205.113,1298.509,15.437,76,0.312,slowloris
16.224,0.062,0.006,1.841,177.299,1298.184,13.537,76,2.361,slowloris
11.502,0.087,1.185,1.358,130.159,1304.13,19.213,87,1.453,slowloris
23.028,0.043,3.719,2.674,255.428,1308.431,12.25,31,0.084,slowloris
26.109,0.038,4.685,2.97,284.058,1307.099,21.371,87,2.59,slowloris
5.262,0.184,1.909,1.133,105.815,1338.945,3.722,76,5.626,slowloris
2.236,0.179,0.331,0.627,56.817,1380.434,1.41,66,0.35,slowloris
5.167,0.193,1.656,1.436,132.39,1356.67,3.6955,76,2.812,slowloris
5.482,0.182,1.641,1.516,139.183,1361.917,4.021,76,2.116,slowloris
0.611,0.517,0,0.011,11.633,113.066,25,367,483.229,slowloris
0.45,2.191,0,0.01,11.299,109.609,26,405,652.944,slowloris
0.373,2.711,0,0.01,11.178,108.367,30,447,793.704,slowloris
0.767,1.308,0,0.018,14.404,154.254,131.296,690,425.727,slowloris
1.152,0.87,0,0.024,17.03,175.473,221.233,691,226.42,slowloris
0.997,1.007,0,0.024,16.816,175.498,278.467,897,343.128,slowloris
0.898,1.114,0,0.023,16.68,173.025,277.278,1077,377.753,slowloris
1.43,0.702,0,0.031,19.665,195.546,396.1,858,203.038,slowloris
1.251,0.827,0,0.032,20.067,198.316,626.606,1501,321.07,slowloris
1.467,0.688,0,0.032,20.822,192.677,374.012,80,257.781,slowloris
1.41,0.71,0,0.034,21.307,200.684,637.736,1269,277.098,slowloris
1.435,0.697,0,0.031,19.978,194.129,369.682,861,260.228,slowloris
1.371,0.733,0,0.033,21.071,197.725,565.321,1234,282.378,slowloris
1.373,0.687,0,0.034,20.926,202.129,623.704,1373,274.41,slowloris
1.389,0.722,0,0.034,21.247,198.602,562.104,1250,280.166,slowloris
1.488,0.673,0,0.033,20.928,194.829,391.965,893,254.92136,slowloris
1.423,0.704,0,0.035,21.299,201.125,626.5,1281,275.499,slowloris
1.587,0.632,0,0.035,21.995,199.584,501.172,952,245.823,slowloris
1.464,0.704,0,0.036,22.164,201.978,613.132,1318,276.975,slowloris
1.552,0.659,0,0.034,21.787,197.167,462.895,931,252.544,slowloris
1.489,0.682,0,0.036,22.491,202.592,657.886,1340,270.657,slowloris
1.638,0.615,0,0.036,22.533,202.216,513.11,983,241.716,slowloris
1.497,0.674,0,0.037,22.447,203.773,647.022,1347,268.7,slowloris
1.668,0.601,0,0.036,21.08,214.828,517.46,1001,239.535,slowloris
1.592,0.629,0,0.039,23.374,208.301,729.74,1433,257.86,slowloris
1.003,0.999,0,0.018,11.153,197.898,136.2,602,331.434,slowloris
1.245,0.82,0,0.024,13.985,214.33,252.19,747,291.671,slowloris
1.365,0.747,0,0.027,15.315,220.961,351.293,819,274.1,slowloris
1.513,0.665,0,0.031,16.795,228.805,461.547,908,253.995,slowloris
1.442,0.707,0,0.029,15.973,225.49,325.743,865,263.507,slowloris
1.57,0.639,0,0.032,17.213,232.559,491.945,942,248.267,slowloris
1.532,0.654,0,0.031,16.795,230.948,425.535,919,250.95,slowloris
1.587,0.631,0,0.032,17.367,223.199,475.825,952,245.425,slowloris
1.635,0.614,0,0.034,18.003,234.834,503.357,981,242.264,slowloris
0.918,1.095,0,0.015,8.542,212.427,117.378,551,352.978,slowloris
1.16,0.892,0,0.021,11.328,229.136,209.19,696,308.333,slowloris
1.273,0.795,0,0.023,12.23,240.001,231.22,764,284.758,slowloris
1.377,0.728,0,0.026,13.613,241.482,315.497,826,269.64,slowloris
1.545,0.669,0,0.03,15.342,248.01,407.202,927,254.99,slowloris
1.45,0.693,0,0.028,14.278,245.272,363.838,870,260.076,slowloris
1.357,0.739,0,0.029,14.984,245.97,536.752,1221,284.536,slowloris
1.453,0.693,0,0.028,14.418,244.091,418.065,872,260.41,slowloris
1.593,0.641,0,0.032,15.925,248.834,465.325,956,248.768,slowloris
2.46,0.407,0.406,0.003,2.46,139,2.46,3,0.013,normal
2.532,0.407,0.406,0.003,2.532,139,2.532,3,0.013,normal
2.462,0.407,0.406,0.003,2.462,139,2.462,3,0.013,normal
2.523,0.407,0.406,0.003,2.523,139,2.523,3,0.013,normal
4.91,0.204,0.203,0.005,4.91,139,4.91,5,0.014,normal
4.923,0.204,0.203,0.005,4.927,139,4.927,5,0.014,normal
4.907,0.204,0.203,0.005,4.907,139,4.907,5,0.014,normal
8.382,0.12,0.119,0.009,8.382,139,8.382,9,0.026,normal
8.4,0.12,0.119,0.009,8.4,139,8.4,9,0.026,normal
4.927,0.203,0.382,0.005,4.927,139,4.927,6,0.014,normal
4.927,0.203,0.382,0.005,4.927,139,4.927,6,0.014,normal
4.92,0.203,0.39,0.005,4.92,139,4.92,6,0.014,normal
10.147,1.102,1.102,0.11,10.147,139,10.147,10,0.014,normal
9.52,0.102,0.102,0.011,9.52,139,9.52,10,0.013,normal
16.687,0.06,0.116,0.019,16.687,139,16.687,18,0.026,normal
1.51779,13.64,3.65,0.65,73,0.06,8.93,0,0,normal
7.39,0.136,0.375,0.008,7.39,139,7.39,9,0.015,normal
7.44,0.135,0.289,0.008,7.44,139,7.44,9,0.014,normal
7.39,0.135,0.343,0.008,7.39,139,7.39,9,0.014,normal
14.753,0.68,0.07,0.016,14.753,139,14.753,15,0.013,normal
14.729,0.68,0.07,0.016,14.729,139,14.729,15,0.013,normal
25.53,0.04,0.078,0.028,25.53,139,25.53,27,0.024,normal
24.974,0.04,0.095,0.028,24.974,139,24.974,27,0.025,normal
27.393,0.037,0.069,0.031,27.459,139,26.722,39,4.757,normal
9.849,0.102,0.356,0.011,9.849,139,9.849,12,0.015,normal
20.064,0.51,0.058,0.022,20.064,139,20.064,20,0.013,normal
33.628,0.03,0.075,0.037,33.628,139,33.628,36,0.024,normal
33.3,0.03,0.094,0.037,33.3,139,33.3,36,0.025,normal
33.511,0.03,0.094,0.037,33.517,139,33.514,40,0.025,normal
0.397,2.516,2.934,3.781,317.432,1488.803,0.483,8,107.143,normal
0.65,1.56,4.191,1.289,109.141,1476.826,0.832,45,45.212,normal
1.229,0.812,3.036,0.824,69.678,1477.936,1.852,54,70.098,normal
2.699,0.371,0.998,0.956,83.156,1436.866,3.801,86,77.766,normal
1.588,0.63,1.712,3.677,309.691,1484.182,2.365,51,73.884,normal
3.929,0.254,0.941,0.714,63.392,1407.946,5.831,98,101.748,normal
2.089,0.473,1.039,2.041,172.617,1477.681,2.751,63,93.866,normal
1.424,0.693,1.487,1.119,95.739,1460.919,1.919,117,125.66,normal
3.227,0.309,0.89,1.702,146.933,1447.239,4.555,120,59.99,normal
2.747,0.365,1.006,3.415,291.293,1465.524,3.787,79,46.639,normal
3.006,0.334,0.82,3.082,260.173,1480.566,4.091,111,110.275,normal
18.14,0.09,0.1,2.22,218.03,1274.04,11.77,145,0.559,normal
4,0.232,0.144,0.711,72.202,1231.362,1.289,62,1.673,normal
9.081,0.112,0.116,1.054,108.565,1213.348,7.015,102,0.621,normal
11.743,0.086,0.066,1.566,163.002,1201.023,7.59,115,0.744,normal
2.2,0.178,0.102,0.292,32.676,1115.737,1.215,47,0.75,normal
21.677,0.049,0.038,2.224,226.447,1227.696,15.212,99,0.47,normal
24.119,0.043,0.039,2.255,327.366,1239.531,17.237,137,29.958,normal
13.8,0.075,0.06,1.458,147.534,1235.659,8.364,130,0.736,normal
10.035,0.103,0.059,2.883,265.797,1355.615,2.451,71,0.958,normal
10.642,0.095,0.06,2.279,219.042,1300.614,4.518,82,0.815,normal
10.719,0.095,0.055,3.419,308.891,1383.752,2.81,108,0.746,normal
5.823,0.189,0.078,4.207,376.743,1395.931,3.498,66,1.1936,normal
6.691,0.152,0.069,3.458,311.511,1387.577,4.061,83,0.815,normal
7.321,0.138,0.067,1.533,143.556,1330.755,4.569,64,1.722,normal
11.045,0.091,0.062,1.877,177.814,1274.04,7.663,82,0.76,normal
9.223,0.111,0.065,2.604,237.068,1373.177,5.872,81,0.78,normal
9.595,0.107,0.068,2.072,194.503,1331.696,5.544,74,1.026,normal
10.485,0.097,0.058,2.931,265.365,1380.411,7.003,67,0.916,normal
6.236,0.163,0.045,3.137,293.28,1336.976,1.418,43,0.666,normal
11.209,0.09,0.075,1.527,150.278,1270.505,8.273,86,0.659,normal
7.444,0.134,0.107,1.298,124.102,1306.96,5.425,67,0.973,normal
12.857,0.079,0.064,2.286,219.215,1303.245,9.37,114,0.507,normal
5.452,0.194,0.1,1.867,175.03,1333.347,3.87,63,0.894,normal
3.852,0.27,0.134,0.832,82.91,1253.687,3.076,28,3.923,normal
5.442,0.188,0.104,1.001,100.536,1244.347,4.408,42,4.533,normal
4.769,0.213,0.118,1.106,108.025,1280.177,3.61,62,1.908,normal
3.001,0.344,0.193,1.33,122.887,1352.936,2.264,52,2.184,normal
1.929,0.344,0.193,0.855,78.999,1352.936,4.446,87,1.663,normal
14.477,0.074,0.024,2.664,270.682,1230.352,9.985,69,1.435,normal
7.602,0.135,0.0729,1.482,144.447,1282.578,5.406,56,1.764,normal
7.288,0.139,0.081,1.177,119.354,1232.812,5.716,58,1.634,normal
9.006,0.112,0.062,1.831,173.561,1318.357,6.291,69,1.131,normal
7.288,0.139,0.069,2.285,212.292,1345.302,4.848,83,2.153,normal
7.905,0.127,0.077,2.082,197.785,1315.715,5.371,67,1.287,normal
12.708,0.078,0.043,2.195,207.886,1319.55,8.51,93,1.994,normal
10.399,0.098,0.048,1.202,117.888,1274.754,7.911,58,3.754,normal
13.525,0.075,0.044,3.184,290.296,1371.106,8.956,73,2.221,normal
5.043,0.202,0.097,0.712,70.178,1268.477,3.51,82,4.73,normal
8.908,0.114,0.062,1.805,170.383,1324.567,5.394,78,1.557,normal
7.08,0.156,0.089,1.485,140.488,1321.176,5.367,54,1.568,normal
6.612,0.152,0.086,1.725,162.431,1327.63,4.6,74,1.4,normal
1.62,1.109,0.918,0.149,17.925,1035.823,1.613,7,0.04,normal
1.3,0.787,0.706,0.153,15.727,1217.645,0.953,14,0.036,normal
6.264,0.412,0.311,0.76,77.412,1227.916,3.329,41,0.022,normal
1.62,1.109,0.918,0.149,17.925,1035.823,1.613,7,0.04,normal
1.136,0.882,0.758,0.038,6.293,745.685,1.073,12,0.047,normal
2.336,0.887,0.703,0.153,20.679,925.817,2.028,10,0.054,normal
2.404,0.426,0.343,0.152,19.896,952.86,2.128,35,0.017,normal
1.332,0.779,0.539,0.149,19.32,966.176,1.088,22,0.013,normal
0.939,1.191,1.018,0.031,7.786,494.236,1.109,16,9.656,normal
1,0.936,1.253,0.004,1,469.167,1.5,4,0.003,normal
2.58,14.923,5.714,0.336,31.463,1334.135,2.406,35,0.285,normal
2.664,4.143,2.659,0.751,68.346,1372.722,2.155,45,0.156,normal
6.36,6.752,17.619,1.362,126.15,1349.569,5.129,70,0.146,normal
0.27,149.538,44.5434,0.093,8.422,1385.379,0.227,35,0.34,normal
0.043,967.575,223.035,0.013,1.156,1364.239,0.044,4,0.606,normal
0.038,1083.206,237.484,0.004,0.436,1267.099,0.036,4,0.499,normal
0.01,1030.917,215.638,0.001,0.13,1288.478,0.01,4,0.395,normal
6.264,0.412,0.311,0.76,77.412,1227.916,3.329,41,0.022,normal
0.399,3.506,5.082,0.018,1.94,1168.494,0.344,43,0.061,normal
5.033,2.132,1.896,0.314,32.546,1206.387,4.731,53,0.208,normal
0.231,183.725,42.685,0.028,2.739,1282.604,0.199,23,0.368,normal
0.041,1031.494,211.495,0.013,1.195,1373.807,0.034,6,0.283,normal
0.445,95.962,24.263,0.225,20.17,1393.511,0.317,22,0.121,normal
0.05,7.747,6.521,0.005,0.575,1148.609,0.042,2,0.292,normal
1.533,27.184,8.785,1.701,150.463,1413.152,1.124,43,0.235,normal
0.018,554.015,124.088,0.046,4.004,1420.727,0.01,13,0.373,normal
5,0.034,0.028,0.237,25,1186.48,5,5,0.006,normal
0.447,64.387,24.897,1.124,98.934,1419.84,0.359,27,0.208,normal
2.349,5.03,15.22,0.728,66.805,1362.783,1.905,50,0.254,normal
6.1,0.203,0.225,1.521,138.25,1375.009,3.05,17,0.061,normal
1.3,0.787,0.706,0.153,15.727,1217.645,0.953,14,0.036,normal
3.923,10.852,42.189,1.245,112.59,1382.606,3.146,62,0.138,normal
1.839,22.998,30.905,1.111,100.491,1382.357,1.384,57,0.237,normal
0.008,569.977,200.004,0.001,0.108,1289.813,0.009,5,3.427,normal
1.165,35.832,15.655,1.801,158.968,1415.785,0.984,32,0.302,normal
1.62,1.109,0.918,0.149,17.925,1035.823,1.613,7,0.04,normal
5.033,2.132,1.896,0.314,32.546,1206.387,4.731,53,0.208,normal
0.231,183.725,42.685,0.028,2.739,1282.604,0.199,23,0.368,normal
0.041,1031.494,211.495,0.013,1.195,1373.807,0.034,6,0.283,normal
0.445,95.962,24.263,0.225,20.17,1393.511,0.317,22,0.121,normal
0.05,7.747,6.521,0.005,0.575,1148.609,0.042,2,0.292,normal
1.533,27.184,8.785,1.701,150.463,1413.152,1.124,43,0.235,normal
0.018,554.015,124.088,0.046,4.004,1420.727,0.01,13,0.373,normal
5,0.034,0.028,0.237,25,1186.48,5,5,0.006,normal
0.447,64.387,24.897,1.124,98.934,1419.84,0.359,27,0.208,normal
2.349,5.03,15.22,0.728,66.805,1362.783,1.905,50,0.254,normal
6.1,0.203,0.225,1.521,138.25,1375.009,3.05,17,0.061,normal
0.088,13.017,12.446,0.015,1.4,1356.929,0.05,2,0.215,normal
3.923,10.852,42.189,1.245,112.59,1382.606,3.146,62,0.138,normal
1.839,22.998,30.905,1.111,100.491,1382.357,1.384,57,0.237,normal
0.008,569.977,200.004,0.001,0.108,1289.813,0.009,5,3.427,normal
1.165,35.832,15.655,1.801,158.968,1415.785,0.984,32,0.302,normal
1.62,1.109,0.918,0.149,17.925,1035.823,1.613,7,0.04,normal
2.692,0.708,0.598,0.356,31.923,1393.062,2.154,10,0.118,normal
0.027,3.205,0.298,1.568,144.308,1358.199,0.031,5,0.551,normal
2,0.694,0.472,0.022,2,1405,1.5,2,0.107,normal
0.38,4.051,4.02,0.059,6.38,1164.097,0.44,5,0.07,normal
1.9,1.755,4.269,0.108,10.3,1316.471,1.7,17,0.048,normal
6.05,0.194,0.129,0.191,19.45,1230.99,6.15,27,0.49,normal
1.775,0.671,0.34,0.106,10.55,1261.54,1.65,15,0.172,normal
6.067,0.208,0.27,0.463,43.867,1320.084,5.733,31,0.161,normal
0.03,42.854,3.373,0.001,0.03,252,0.015,1,37.016,normal
0.07,13.976,0.139,0.001,0.07,252,0.047,2,32.443,normal
6.3,0.221,0.317,0.453,44.2,1281.328,6.7,39,0.078,normal
32,0.011,0.012,0.552,77,896.74,32,32,0.026,normal
2.861,0.346,0.654,0.32,29.583,1351.818,2.694,40,0.04,normal
4.467,0.246,0.356,0.177,19.166,1157.31,3.9,53,0.189,normal
0.758,1.328,0.413,0.062,6.168,1246.788,0.673,32,2.227,normal
1.5,0.734,0.494,0.153,14.333,1335.16,1.708,13,0.174,normal
1.543,0.676,0.86,0.071,6.886,1291.83,1.4,9,0.076,normal
10.077,0.106,0.181,0.881,83,1326.52,8,101,0.049,normal
17.167,0.055,0.024,7.717,664.833,1450.979,8.833,38,0.1,normal
0.244,3.594,0.256,3.598,297.258,1512.821,0.216,52,0.0462,normal
2.467,0.405,0.652,0.559,49.283,1418.652,1.767,32,0.039,normal
1,0.057,0.071,2.284,212,1346.712,11,11,0.034,normal
7.588,0.105,0.055,3.587,302.412,1482.705,3.588,26,0.082,normal
0.875,0.95,1.777,0.692,57.625,1500.952,0.875,6,0.103,normal
24,0.018,0.049,4.581,414,1383.176,24,24,0.009,normal
4.683,0.278,0.536,0.418,40.083,1302.671,3.783,21,0.051,normal
5.65,0.172,0.205,0.668,59.85,1395.805,4.588,46,0.052,normal
0.031,36.924,5.875,0.044,3.741,1475.798,0.0545,6,31.847,normal
27,0.018,0.017,0.947,109,1085.56,27,27,0.033,normal
0.176,0.818,0.731,4.753,392.559,1513.492,0.176,4,0.08,normal
0.07,18.549,2.658,0.001,0.11,407.455,0.06,2,16.026,normal
6,0.144,0.135,0.047,9,648,6,6,0.104,normal
0.647,1.698,2.168,0.029,2.824,1298.708,0.765,4,0.17,normal
1.1,1.698,2.168,0.05,4.8,1298.708,1.3,4,0.17,normal
0.5,2.073,1.302,0.038,4,1200.5,1,3,0.851,normal
0.019,19758.023,20445.846,1.363,112.56,1513.184,0.021,3,0.449,normal
5.117,0.203,0.333,0.006,5.117,139.084,4.915,11,0.001,normal
0.205,4.652,3.605,0.257,22.19,1449.841,0.205,8,0.198,normal
1.242,0.805,1.664,0.148,13.453,1371.179,1.059,26,0.157,normal
12.769,0.06,0.04,3.396,294,1443.695,7.23,25,0.103,normal
6.533,0.08,0.075,1.544,135,1430.012,4.733,26,0.121,normal
0.453,2.263,2.187,0.153,7.264,2641.068,0.415,9,0.116,normal
1.343,0.747,0.644,0.393,35.743,1374.144,1.6,17,0.503,normal
8.063,0.126,0.247,0.411,49.463,1037.488,12,45,0.292,normal
0.814,1.274,0.928,0.248,23.414,1322.303,0.886,11,0.585,normal
3.18,0.302,0.213,3.526,296.361,1487.14,1.889,21,0.142,normal
2.159,0.392,0.337,0.32,29.377,1361.878,1.768,29,0.325,normal
2.258,0.392,0.337,0.335,30.712,1361.878,1.848,29,0.325,normal
24.083,0.042,0.034,4.273,376.917,1417.012,16.75,49,0.187,normal
4.5,0.047,0.04,2.989,88.5,4221.119,4.5,9,0.227,normal
1.163,0.704,0.495,0.504,34.021,1850.143,1.011,27,0.16,normal
1.267,0.926,0.409,0.449,41.233,1360.956,1.267,14,0.639,normal
20.467,0.051,0.039,3.805,336.333,1414.28,13.667,33,0.137,normal
0.013,96.404,16.044,0.001,0.031,873.333,0.016,2,0.167,normal
0.018,22.675,36.23,0.001,0.159,1002.311,0.012,9,0.985,normal
0.06,16.742,1.903,0.0119,1.173,1265.396,0.037,8,0.211,normal
0.048,17.767,11.395,0.006,0.603,1256.028,0.029,3,0.001,normal
0.14,5.835,3.236,0.001,0.253,417.798,0.063,5,0.002,normal
0.488,2.062,2.734,0.337,28.463,1480.266,0.5,51,0.019,normal
0.191,5.252,6.647,0.067,5.724,1461.537,0.178,40,0.03,normal
0.113,8.84,10.066,0.031,2.71,1447.643,0.11,39,0.021,normal
0.116,8.273,9.02,0.039,3.323,1460.402,0.105,40,0.263,normal
0.749,0.841,2.068,0.208,17.962,1450.129,0.813,85,3.619,normal
0.146,6.887,14.207,0.019,1.795,1304.864,0.155,56,1.709,normal
0.23,4.362,7.224,0.046,4.39,1309.057,0.219,34,0.25,normal
0.197,5.096,10.033,0.007,0.819,1029.549,0.214,30,0.342,normal
0.003,336.7,84.746,0.008,1.121,939.827,0.003,4,0.072,normal
0.114,8.79,15.011,0.032,2.786,1439.784,0.126,28,0.251,normal
2.146,0.466,0.196,0.011,2.731,495,1.75,112,0.006,normal
0.535,1.872,2.375,0.504,42.489,1482.175,0.544,80,0.02,normal
0.408,2.463,2.24,0.369,31.372,1468.429,0.336,42,0.202,normal
0.02,12.684,67.327,0.003,0.248,1339.408,0.02,22,0.24,normal
0.424,2.342,1.941,0.007,0.923,885.155,0.399,10,0.191,normal
0.073,13.691,16.505,0.082,6.99,1460.588,0.061,30,0.243,normal
0.023,44.223,44.125,0.001,0.108,1091.336,0.016,6,0.112,normal
0.217,4.667,8.724,0.052,4.52,1440.224,0.204,36,0.141,normal
0.279,3.58,5.916,0.101,8.614,1462.666,0.269,32,0.185,normal
0.235,4.258,8.278,0.064,5.495,1446.771,0.222,58,0.162,normal
0.33,3.04,5.393,0.052,4.603,1403.389,0.335,82,1.145,normal
0.452,2.215,1.994,0.073,6.452,1422.604,0.511,82,7.635,normal
2.116,0.473,0.152,0.112,12.71,1105.854,0.314,65,0.276,normal
0.205,4.896,2.858,0.033,2.923,1406.195,0.226,19,2.433,normal
1.977,0.506,0.283,0.024,7.488,402.587,0.37,50,0.468,normal
0.003,109.817,18.779,0.001,0.107,262.746,0.003,7,0.09,normal
0.119,6.988,22.63,0.001,0.299,448.58,0.138,13,0.03,normal
0.039,22.58,27.114,0.018,1.504,1456.44,0.042,16,0.276,normal
0.062,15.766,17.146,0.015,1.357,1401.856,0.057,15,0.234,normal
0.009,75.935,96.881,0.001,0.058,1113.893,0.01,14,0.566,normal
0.085,4.975,7.206,0.023,1.954,1457.657,0.086,46,0.108,normal
0.336,2.454,2.115,0.005,0.762,889.627,0.3161,12,0.196,normal
0.011,29.857,40.973,0.001,0.017,416.268,0.012,8,0.382,normal
0.047,21.195,18.695,0.007,0.58,1422.004,0.054,13,10.026,normal
0.36,2.78,0.921,0.107,9.108,1462.535,0.439,50,5.317,normal
0.243,3.693,3.064,0.004,0.751,597.091,0.051,8,0.01,normal
0.268,3.738,4.316,0.311,26.212,1481.22,0.17,24,0.019,normal
0.27,3.702,2.944,0.09,7.739,1451.488,0.265,31,1.915,normal
9.238,0.108,0.111,0.186,30.207,771.591,1.079,129,0.021,normal
10.6,0.079,0.065,0.348,37.6,1157.566,9.33,76,0.061,normal
6.203,0.16,0.116,0.369,29.886,1541.841,5.987,83,0.066,normal
1.804,0.411,0.486,1,85.13,1467.902,1.283,28,0.125,normal
0.77,1.303,1.508,2.195,182.274,1505.589,0.513,27,0.107,normal
2.022,0.502,0.561,5.507,457.4,1505.073,1.422,23,0.1,normal
5.233,0.188,0.31,1.5,134.167,1397.609,4.4,57,0.017,normal
0.23,4.333,1.535,0.01,1.194,1043.181,0.245,17,0.606,normal
5.238,0.19,0.181,0.483,45.09,1338.398,4.754,116,0.087,normal
2.564,0.388,0.292,0.037,5.746,804.511,2.76,59,0.415,normal
20.597,0.049,0.01,0.273,48.227,707.5,23.317,243,0.163,normal
25.947,0.038,0.009,0.338,60.896,694.49,27.516,337,0.032,normal
16.415,0.061,0.047,0.138,29.197,591.558,16.864,407,0.221,normal
42.25,0.024,0.022,0.595,114.676,648.369,43.074,345,0.092,normal
50.756,0.02,0.017,0.514,127.704,503.597,58.941,612,0.032,normal
12.653,0.079,0.056,0.323,45.797,880.646,12.565,411,0.351,normal
11.876,0.084,0.266,0.187,25.742,907.06,21.316,472,0.273,normal
23.152,0.043,0.017,0.669,80.632,1037.249,19.235,445,0.219,normal
27.511,0.036,0.043,0.273,57.528,592.395,40.83,433,0.074,normal
3.608,0.276,0.098,0.049,7.981,763.21,3.769,338,0.279,normal
26.354,0.038,0.03,0.275,54.211,634.284,30.318,243,0.069,normal
23.048,0.043,0.046,0.282,54.811,643.873,30.858,616,0.146,normal
16.842,0.059,0.213,0.196,35.215,695.85,16.341,2846,0.289,normal
19.632,0.051,0.002,0.279,41.211,845.07,19.007,575,0.005,normal
1.911,0.523,0.369,0.085,10.378,1019.084,1.514,85,0.0869,normal
13.474,0.074,0.061,0.078,19.623,494.84,12.868,325,0.009,normal
10.711,0.093,0.019,1.938,206.163,1174.783,3.961,83,0.037,normal
11.3,0.088,0.017,2.624,278.874,1176.114,4.241,125,0.027,normal
10.202,0.098,0.069,0.613,70.569,1086.41,7.51,365,0.023,normal
9.527,0.105,0.06,0.527,69.187,952.924,6.78,189,0.01,normal
25.379,0.039,0.062,0.187,38.049,614.154,24.761,2500,0.0194,normal
0.039,25.563,1.909,0.068,5.721,1494.252,0.045,61,0.411,normal
0.325,3.057,2.579,0.01,1.337,971.013,0.323,185,0.255,normal
4.741,0.211,0.269,0.096,13.028,922.136,5.381,548,0.076,normal
3.138,0.292,0.243,0.01,11.944,1044.617,3.535,948,0.229,normal
10.718,0.093,0.019,1.939,206.291,1174.783,3.964,83,0.037,normal
0.074,25.946,12.869,0.023,2.368,1213.994,0.081,4,0.356,normal
0.071,11.016,7.597,0.001,0.086,440.809,0.061,6,0.001,normal
0.028,34.517,19.972,0.001,0.032,365.289,0.026,2,0.005,normal
0.027,14.977,7.428,0.001,0.034,502.204,0.025,3,0.001,normal
0.025,41.15,50.976,0.014,1.193,1481.936,0.025,15,0.114,normal
0.05,20.164,29.013,0.018,1.524,1463.65,0.04,16,0.052,normal
0.033,30.679,36.861,0.01,0.847,1454.405,0.033,12,0.169,normal
0.047,21.687,26.093,0.024,2.015,1477.466,0.037,14,0.106,normal
0.046,22.043,20.148,0.006,0.519,1413.113,0.051,17,9.859,normal
0.13,7.703,1.985,0.032,2.706,1457.554,0.161,24,7.901,normal
0.149,6.74,2.554,0.021,1.845,1421.447,0.175,17,4.065,normal
0.055,18.252,21.606,0.002,0.223,1210.15,0.062,14,1.49,normal
0.04,22.56,27.114,0.018,1.543,1456.44,0.043,16,0.276,normal
0.009,75.935,96.881,0.001,0.058,1113.893,0.01,14,0.566,normal
0.014,66.912,101.339,0.001,0.04,922.098,0.016,12,0.291,normal
0.009,1.438,1.855,0.001,0.013,480.905,0.011,9,0.231,normal
0.053,15.609,24.428,0.005,0.493,1373.42,0.051,13,0.154,normal
0.011,53.683,77.1,0.001,0.119,1299.996,0.01,7,0.051,normal
0.016,62.835,75.304,0.001,0.111,1293.473,0.017,16,0.962,normal
0.047,21.195,18.695,0.007,0.58,1422.004,0.054,13,10.026,normal
0.027,37.258,26.901,0.001,0.028,592.71,0.031,12,20.719,normal
0.025,40.702,17.636,0.001,0.126,1246.342,0.025,14,0.54,normal
0.019,54.307,57.161,0.002,0.146,1313.59,0.021,16,1.521,normal
0.027,54.307,57.161,0.002,0.21,1313.59,0.03,16,1.52,normal
4.86,0.205,0.17,0.146,19.118,954.646,5.424,92,0.04,normal
23.315,0.043,0.002,0.951,127.411,932.725,0.278,138,0.011,normal
22.515,0.044,0.047,0.127,30.271,524.362,16.699,2552,0.02,normal
0.007,158.593,165.984,0.001,0.007,218.182,0.006,2,0.002,normal
0.06,16.742,1.903,0.012,1.182,1265.396,0.037,8,0.211,normal
0.048,17.767,11.395,0.006,0.603,1256.028,0.029,3,0.001,normal
0.061,9.067,4.367,0.007,0.76,1199.19,0.04,4,0.001,normal
79.906,0.013,0.002,7.175,973.67,921.164,25.072,285,0.014,normal
46.3,0.022,0.004,5.714,768.767,929.107,0.133,36,0.007,normal
97.206,0.01,0.007,0.571,157.274,453.628,121.432,586,0.079,normal
3.657,0.273,0.048,0.04,8.207,605.918,4.733,498,0.165,normal
12.25,0.06,0.006,0.116,17.333,835.7884,12.25,31,0.084,normal
0.008,115.425,27.216,0.001,0.058,1058.789,0.008,3,57.558,normal
0.167,6.269,6.179,0.001,0.167,357,0.19,3,0.077,normal
67.383,0.015,0.476,2.674,325.973,1025.524,96.437,223,0.409,normal
7.625,0.134,0.107,0.077,12.167,788.603,11.333,65,0.097,normal
3,0.359,0.178,0.102,11.5,1112.783,3.25,9,0.065,normal
12.25,0.06,0.006,0.116,17.333,835.7884,12.25,31,0.084,normal
0.444,2.369,4.932,0.002,0.889,299.25,0.422,2,0.061,normal
0.08,18.017,16.392,0.031,2.72,1429.838,0.12,2,2.094,normal
0.106,0.413,0.973,0.052,4.815,1359.398,0.113,8,0.188,normal
1.805,0.534,0.667,0.141,13.623,1297.87,1.199,37,0.057,normal
4,0.119,0.134,0.203,20,1266.025,4,5,0.109,normal
2.4,0.212,0.131,0.226,22,1283.955,2.4,6,0.226,normal
0.23,4.333,1.535,0.01,1.194,1043.181,0.245,17,0.606,normal
5.5,0.186,0.196,0.204,23.5,1082.447,5.5,8,0.091,normal
0.027,3.205,0.298,1.55,142.662,1358.199,0.03,5,0.551,normal
0.034,29.741,53.749,0.012,1.032,1470.905,0.035,17,2.2,normal
0.15,7.829,7.675,0.115,10.5,1373.06,0.15,5,0.111,normal
0.294,3.403,4.604,0.086,7.48,1444.606,0.282,80,0.032,normal
0.402,2.492,1.227,0.073,6.376,1430.501,0.438,39,1.705,normal
0.059,17.113,33.689,0.017,1.589,1336.911,0.063,33,0.213,normal
0.116,6.785,14.865,0.024,2.109,1420.884,0.107,82,0.119,normal
0.027,36.783,60.8,0.027,2.298,1488.444,0.027,28,0.268,normal
2.094,0.477,0.425,0.013,2.846,560.9,1.722,112,0.007,normal
0.082,12.294,13.08,0.068,5.694,1482.11,0.077,24,0.108,normal
0.133,7.548,17.861,0.061,5.184,1474.873,0.128,78,0.195,normal
0.099,10.638,9.896,0.257,21.702,1481.213,0.079,26,0.039,normal
0.077,13.012,31.398,0.063,5.307,1488.804,0.071,72,0.173,normal
0.034,29.741,53.749,0.012,1.032,1470.905,0.035,17,2.2,normal
0.141,6.893,6.032,0.036,3.138,1436.012,0.147,41,0.263,normal
0.119,6.893,6.032,0.031,2.664,1436.012,0.125,41,0.263,normal
0.093,10.638,9.896,0.241,20.297,1481.213,0.074,26,0.039,normal
1.992,0.502,110.27,0.207,19.947,1297.764,1.745,49,0.177,normal
2.331,0.429,673.325,0.317,29.938,1323.436,1.886,41,0.191,normal
2.14,0.467,692.671,0.864,77.505,1393.584,1.503,28,0.261,normal
2.409,0.414,637.326,2.454,214.951,1427.024,0.57,15,0.3,normal
2.615,0.382,0.101,2.478,217.063,1427.144,0.73,15,0.331,normal
2.811,0.355,393.15,1.963,171.128,1433.848,1.063,40,0.26,normal
1.771,0.565,651.12,0.237,22.418,1323.357,1.462,37,0.157,normal
2.982,0.335,256.305,0.746,68.826,1355.686,1.808,46,0.244,normal
11.037,0.09,57.264,2.602,240.449,1352.58,5.058,44,0.485,normal
19.116,0.052,70.49,2.542,241.833,1313.758,9.091,78,0.619,normal
20.084,0.05,46.87,2.444,236.894,1289.728,10.549,53,0.797,normal
9.293,0.107,71.937,2.593,240.11,1349.836,2.254,27,0.681,normal
11.2,0.089,0.019,2.61,242.289,1346.533,3.859,63,0.622,normal
8.618,0.116,98.02,2.624,239.142,1371.33,3.832,42,0.715,normal
7.952,0.126,211.012,2.615,239.939,1362.192,3.735,26,0.57,normal
13.504,0.074,419.386,2.599,244.015,1331.142,8.286,60,0.615,normal
5.154,0.193,27.348,2.627,237.163,1384.53,2.337,52,0.724,normal
15.883,0.063,127.203,2.584,239.801,1346.75,10.536,55,0.678,normal
14.139,0.071,133.541,2.598,240.21,1351.979,8.375,79,0.586,normal
12.276,0.081,126.515,2.596,238.484,1360.488,7.328,45,0.522,normal
24.225,0.041,98.337,2.449,237.843,1287.251,14.567,77,0.886,normal
23.316,0.043,168.894,2.407,233.897,1286.741,11.221,88,1.055,normal
26.245,0.038,119.388,2.244,224.757,1248.068,17.427,62,1.169,normal
24.777,0.04,100.1,2.255,223.846,1259.324,11.777,58,1.229,normal
27.013,0.037,56.893,2.246,224.219,1252.382,14.253,79,1.173,normal
20.315,0.045,140.428,2.101,207.03,1268.608,10.904,77,1.048,normal
17.643,0.057,82.895,2.475,233.456,1325.153,8.763,56,0.876,normal
12.55,0.08,30.635,2.559,234.635,1363.492,6.67,45,0.772,normal
16.336,0.063,6.004,2.582,242.076,1333.104,8.836,44,0.746,normal
21.863,0.046,17.657,2.484,238,1304.646,11.802,56,0.782,normal
50.661,0.079,0.021,10.181,928.059,1371.234,31.788,41,0.648,normal
18.934,0.053,13.008,2.53,238.549,1325.531,5.174,47,0.733,normal
20.136,0.05,203.177,2.448,233.637,1309.752,14.242,76,0.879,normal
13.753,0.073,149.364,2.494,230.324,1354.03,9.636,40,0.763,normal
18.872,0.053,0.018,2.426,229.55,1320.892,14.069,50,0.799,normal
18.578,0.054,102.103,2.391,2.391,1317.36,15.09,51,0.82,normal
15.223,0.066,0.025,2.522,234.709,1343.254,10.854,45,0.756,normal
14.113,0.071,8.638,2.519,234.242,1344.271,10.011,39,0.766,normal
14.285,0.07,0.027,2.462,228.864,1344.756,9.32,36,0.867,normal
18.931,0.049,5.565,2.166,207.676,1303.92,12.209,59,0.978,normal
20.638,0.047,15.716,2.162,209.455,1290.354,12.838,52,1.1,normal
18.805,0.051,63.24,2.167,208.885,1297.291,11.578,79,1.055,normal
19.838,0.047,23.531,2.167,211.027,1283.528,14.965,55,1.05,normal
17.975,0.05,20.136,2.163,207.48,1303.397,14.133,63,0.936,normal
15.289,0.057,8.259,2.17,204.745,1324.52,12.031,52,0.852,normal
12.129,0.07,0.026,2.181,202.293,1347.739,9.118,40,0.723,normal
6.947,0.122,0.039,2.191,198.165,1381.771,3.607,47,0.704,normal
11.029,0.077,9.882,2.187,201.21,1358.852,6.753,55,0.626,normal
7.838,0.108,0.03,2.193,198.404,1381.774,4.651,37,0.603,normal
11.544,0.073,0.02,2.185,201.098,1357.87,7.622,63,0.678,normal
4.995,0.168,21.026,2.195,196.196,1398.439,2.38,26,0.596,normal
19.975,0.046,11.96,2.163,206.955,1306.176,13.351,58,0.985,normal
22.374,0.046,10.821,0.116,11.164,1299.23,0.687,65,0.986,normal
22.387,0.045,102.273,2.306,223.097,1291.828,16.064,62,1.072,normal
16.336,0.063,6.004,2.582,242.076,1333.104,8.836,44,0.746,normal
11.38,0.088,129.232,2.517,229.455,1370.919,6.775,52,0.986,normal
15.649,0.07,89.859,2.729,252.189,1352.899,11.318,45,0.84,normal
9.192,0.053,13.008,2.53,238.549,1325.531,5.174,47,0.733,normal
20.834,0.048,140.704,2.393,227.628,1314.606,13.856,84,1.036,normal
19.9,0.052,92.95,2.418,229.396,1317.765,13.286,58,0.924,normal
18.61,0.054,32.437,2.414,226.86,1330.058,13.366,55,0.964,normal
18.364,0.053,16.848,2.4,225.686,1329.156,12.138,51,0.735,normal
1.504,0.665,0.578,0.174,16.635,1305.353,1.243,42,0.195,normal
2.181,0.459,6.466,0.244,22.999,1326.235,1.855,70,0.171,normal
22.44,0.046,2.975,2.646,254.107,1301.613,12.324,68,0.459,normal
20.577,0.049,7.965,2.562,246.042,1301.703,13.921,68,0.532,normal
7.657,0.131,4.105,1.041,98.399,1323.002,6.215,49,0.262,normal
22.248,0.092,10.709,3.437,320.478,1340.412,16.205,58,0.34,normal
17.216,0.058,29.468,2.229,211.847,1315.345,11.358,59,0.474,normal
30.575,0.033,0.01,2.734,268.87,1270.998,19.315,64,0.692,normal
17.279,0.058,5.178,2.604,244.192,1306.677,12.649,101,0.479,normal
4.603,0.217,16.229,0.544,52.068,1306.677,3.752,38,0.259,normal
4.942,0.202,12.559,0.48,46.484,1290.282,3.954,63,0.255,normal
6.793,0.147,16.377,1.531,140.34,1363.731,4.428,30,0.302,normal
5.309,0.384,0.318,0.84,78.311,1340.223,3.826,54,0.199,normal
4.54,0.22,0.216,0.413,40.343,1280.327,3.215,81,0.301,normal
3.377,0.296,24.349,0.558,51.3,1360.813,2.612,54,0.204,normal
1.605,0.623,17.388,0.172,16.566,1297.759,1.349,47,0.193,normal
2.55,0.392,23.913,0.228,22.343,1273.343,2.204,64,0.169,normal
5.097,0.195,0.149,0.539,52.298,1288.44,3.766,70,0.24,normal
3.012,0.332,117.248,0.292,28.231,1292.996,2.402,75,0.205,normal
1.587,0.63,157.063,0.299,27.357,1365.627,0.985,66,0.206,normal
1.209,0.66,132.344,0.119,11.679,1277.178,12.25,31,0.084,normal
0.65,1.533,0.166,2.84,248.457,1429.001,0.025,4,0.102,normal
1.86,0.538,246.413,2.727,239.885,1421.151,0.51,26,0.258,normal
1.117,0.885,0.106,2.986,261.622,1426.319,0.197,7,0.311,normal
6.295,0.159,38.488,0.966,93.747,1287.808,4.495,61,0.199,normal
5.896,0.169,21.057,0.39,40.95,1189.978,4.902,83,0.134,normal
1.794,0.557,137.417,0.133,13.357,1244.118,1.587,73,0.147,normal
1.391,0.718,108.598,0.128,12.453,1286.546,1.216,58,0.175,normal
1.243,0.805,231.459,0.13,12.481,1305.612,1.047,41,0.139,normal
1.328,0.06,0.006,0.116,17.333,835.7884,12.25,31,0.084,normal
0.609,1.653,1.499,0.129,11.488,1408.515,0.488,12,0.141,normal
1.823,0.548,0.533,0.162,15.973,1268.118,1.431,58,0.182,normal
1.123,0.889,4.707,0.138,13.117,1316.366,0.837,34,0.184,normal
0.177,5.684,4.797,0.005,0.6,1025.67,0.149,25,0.044,normal
0.588,5.684,4.797,0.016,1.994,1025.67,0.497,25,0.044,normal
1.698,0.589,0.546,0.059,6.787,1089.558,1.391,26,0.072,normal
49,0.02,0.032,0.054,49,139,49.11,64,0.037,flooding
72.768,0.014,0.027,0.081,72.768,139,72.768,119,0.811,flooding
128.703,0.008,0.078,0.155,139.53,139,199.32,241,22.769,flooding
99.281,0.01,0.024,0.11,99.281,139,112.525,150,1.627,flooding
58.268,0.018,0.083,0.065,58.268,139,78.955,125,28.384,flooding
56.654,0.018,0.086,0.063,56.654,139,73.128,123,23.135,flooding
146.818,0.007,0.02,0.164,147.585,139,181.942,296,6.214,flooding
127.971,0.008,0.039,0.161,144.468,139,191.743,292,23.922,flooding
66.148,0.015,0.082,0.074,66.148,139,86.248,139,16.243,flooding
66.93,0.015,0.071,0.074,66.93,139,90.524,156,23.406,flooding
81.784,0.012,0.053,0.091,81.796,139,107.026,165,16.279,flooding
83.988,0.012,0.047,0.093,83.988,139,110.77,171,6.313,flooding
302.53,0.003,0.02,0.336,302.538,139,424.902,590,7.417,flooding
83.106,0.012,0.052,0.099,88.736,139,105.4,201,16.243,flooding
90.2,0.01,0.036,0.103,92.695,139,119.38,525,8.167,flooding
322.453,0.003,0.016,0.359,322.585,139,451.15,739,5.836,flooding
112.478,0.009,0.034,0.13,117.167,139,144.462,206,10.603,flooding
115.4,0.009,0.036,0.132,118.48,139,154.65,213,6.814,flooding
115.4,0.009,0.036,0.132,118.48,139,154.65,213,15.154,flooding
121.703,0.008,0.034,0.142,127.588,139,161.797,235,11.15,flooding
257.605,0.004,0.015,0.286,257.62,139,347.46,429,4.7,flooding
66.177,0.015,0.105,0.1,89.592,139,63.228,236,79.15,flooding
198.397,0.005,0.042,0.221,198.45,139,275.833,483,9.838,flooding
87.978,0.012,0.074,0.121,109.15,139,83.037,248,65.189,flooding
291.457,0.003,0.013,0.324,291.48,139,388.128,487,4.823,flooding
86.673,0.011,0.069,0.128,114.702,139,86.467,284,63.519,flooding
345.172,0.003,0.012,0.384,345.207,139,454.91,516,4.653,flooding
112.257,0.009,0.057,0.152,136.828,139,130.903,304,43.94,flooding
114.232,0.009,0.054,0.16,143.712,139,131.353,311,46.345,flooding
148.175,0.007,0.052,0.165,148.222,139,194.35,352,37.645,flooding
162.057,0.006,0.049,0.18,162.245,139,219.977,356,38.192,flooding
8.934,0.112,0.091,0.852,91.739,1160.671,10.158,170,1.991,flooding
12.361,0.082,0.06,1.438,142.787,1258.743,13.854,181,3.891,flooding
846.562,0.001,0.001,6.33,1572.598,503.143,27.183,786,0.008,flooding
929.716,0.001,0.001,6.282,1499.819,523.577,33.862,931,0.007,flooding
925.075,0.001,0.001,6.322,1497.768,527.629,30.547,780,0.007,flooding
91.364,0.012,0.029,2.193,282.383,970.836,11.713,787,0.0326,flooding
276.4535,0.028,0.045,4.416,711.503,775.931,26.659,551,0.063,flooding
275.869,0.025,0.136,4.429,712.124,777.473,26.151,603,0.058,flooding
158.764,0.044,0.238,3.379,473.849,891.373,22.717,562,0.09,flooding
483.435,0.002,0.001,4.808,736.256,604.709,16.006,695,0.009,flooding
383.391,0.003,0.001,3.562,17.333,835.7884,19.431,611,0.084,flooding
295.424,0.003,0.001,3.034,591.129,641.527,12.629,786,0.009,flooding
233.864,0.004,0.005,2.636,490.284,672.024,9.181,611,0.018,flooding
206.599,0.005,0.001,2.176,419.301,629.495,7.839,601,0.009,flooding
185.656,0.005,0.001,1.85,367.276,835.7884,7.89,500,0.009,flooding
159.23,0.006,0.006,1.696,325.336,651.586,6.373,611,0.01,flooding
146.579,0.007,0.001,1.526,295.651,645.138,5.455,1040,0.01,flooding
129.671,0.008,0.018,1.428,268.707,664.077,5.336,780,0.009,flooding
215.528,0.005,0.001,4.235,620.225,853.535,14.405,299,0.023,flooding
201.146,0.005,0.001,3.124,512.112,762.48,12.326,326,0.019,flooding
194.904,0.005,0.001,2.459,435.043,706.613,10.971,474,0.017,flooding
59.212,0.015,0.003,1.459,190.434,957.614,6.14,594,0.033,flooding
153.162,0.007,0.001,1.982,331.217,747.831,9.039,559,0.015,flooding
130.26,0.008,0.01,1.842,296.04,777.769,7.449,492,0.017,flooding
122.447,0.008,0.001,1.625,268.949,755.112,7.027,76,0.016,flooding
116.052,0.009,0.001,1.448,246.783,733.546,6.841,714,0.0815,flooding
77.599,0.013,0.005,2.432,299.967,1013.492,11.871,528,0.205,flooding
83.661,0.012,0.004,2.149,283.791,946.398,10.99,528,0.191,flooding
85.566,0.06,0.003,1.933,263.492,917.059,10.685,490,0.191,flooding
85.279,0.012,0.003,1.814,245.902,922.149,10.547,709,0.19,flooding
77.566,0.013,0.003,1.766,233.168,946.832,9.833,561,0.19,flooding
70.46,0.014,0.004,1.713,221.546,966.288,8.939,528,0.198,flooding
69.124,0.014,0.003,1.603,210.659,951.401,8.802,528,0.186,flooding
67.956,0.0147,0.003,1.51,201.274,937.672,8.672,687,0.181,flooding
